hex_index,week_1_pred,week_2_pred,week_3_pred,week_4_pred
88ad360001fffff,4.0,4.0,4.0,4.0
88ad360003fffff,2.0,2.0,2.0,2.0
88ad360005fffff,11.0,11.0,11.0,11.0
88ad360007fffff,9.0,9.0,9.0,9.0
88ad36000bfffff,0.0,0.0,0.0,0.0
88ad36000dfffff,3.0,3.0,3.0,3.0
88ad360015fffff,0.0,0.0,0.0,0.0
88ad360021fffff,15.0,14.0,13.0,13.0
88ad360023fffff,13.0,13.0,13.0,13.0
88ad360025fffff,18.0,16.0,16.0,16.0
88ad360027fffff,15.0,14.0,14.0,14.0
88ad360029fffff,9.0,9.0,10.0,10.0
88ad36002bfffff,10.0,10.0,11.0,11.0
88ad36002dfffff,5.0,5.0,5.0,5.0
88ad360031fffff,8.0,8.0,8.0,8.0
88ad360033fffff,9.0,9.0,9.0,9.0
88ad360035fffff,9.0,9.0,9.0,9.0
88ad360037fffff,12.0,12.0,12.0,12.0
88ad360039fffff,9.0,8.0,8.0,8.0
88ad36003bfffff,9.0,9.0,9.0,9.0
88ad36003dfffff,9.0,9.0,9.0,8.0
88ad360041fffff,11.0,11.0,12.0,12.0
88ad360043fffff,5.0,5.0,5.0,5.0
88ad360045fffff,9.0,9.0,9.0,9.0
88ad360047fffff,0.0,0.0,0.0,0.0
88ad360049fffff,9.0,9.0,9.0,9.0
88ad36004bfffff,2.0,2.0,2.0,2.0
88ad36004dfffff,7.0,7.0,7.0,7.0
88ad360055fffff,2.0,2.0,2.0,2.0
88ad36005dfffff,3.0,3.0,3.0,3.0
88ad360061fffff,1.0,1.0,1.0,1.0
88ad360063fffff,10.0,9.0,10.0,9.0
88ad360065fffff,0.0,0.0,0.0,0.0
88ad360067fffff,6.0,6.0,6.0,7.0
88ad360069fffff,1.0,1.0,1.0,1.0
88ad36006bfffff,0.0,0.0,0.0,0.0
88ad36006dfffff,0.0,0.0,0.0,0.0
88ad3600a5fffff,3.0,3.0,3.0,3.0
88ad3600adfffff,4.0,4.0,4.0,4.0
88ad3600e5fffff,3.0,3.0,3.0,3.0
88ad360101fffff,0.0,0.0,0.0,0.0
88ad360103fffff,0.0,0.0,0.0,0.0
88ad360105fffff,0.0,0.0,0.0,0.0
88ad360109fffff,1.0,1.0,1.0,1.0
88ad36010bfffff,6.0,6.0,6.0,6.0
88ad36010dfffff,0.0,0.0,0.0,0.0
88ad360111fffff,5.0,5.0,5.0,5.0
88ad360113fffff,4.0,4.0,4.0,4.0
88ad360115fffff,1.0,1.0,1.0,1.0
88ad360117fffff,2.0,2.0,2.0,2.0
88ad36011bfffff,13.0,12.0,12.0,12.0
88ad36011dfffff,0.0,0.0,1.0,1.0
88ad360125fffff,0.0,0.0,0.0,0.0
88ad360129fffff,0.0,0.0,0.0,0.0
88ad36012dfffff,0.0,0.0,0.0,0.0
88ad360131fffff,0.0,0.0,0.0,0.0
88ad36013bfffff,1.0,1.0,1.0,1.0
88ad360141fffff,0.0,0.0,0.0,0.0
88ad360143fffff,0.0,0.0,0.0,0.0
88ad360145fffff,0.0,0.0,0.0,0.0
88ad360147fffff,0.0,0.0,0.0,0.0
88ad36014bfffff,0.0,0.0,0.0,0.0
88ad360151fffff,11.0,11.0,12.0,12.0
88ad360153fffff,0.0,0.0,0.0,0.0
88ad360155fffff,13.0,13.0,13.0,13.0
88ad360157fffff,9.0,9.0,9.0,9.0
88ad360159fffff,2.0,2.0,2.0,2.0
88ad36015bfffff,1.0,1.0,1.0,1.0
88ad36015dfffff,5.0,5.0,6.0,6.0
88ad360165fffff,0.0,0.0,0.0,0.0
88ad360167fffff,0.0,0.0,0.0,0.0
88ad360169fffff,0.0,0.0,0.0,0.0
88ad360181fffff,2.0,2.0,2.0,2.0
88ad360183fffff,0.0,0.0,0.0,0.0
88ad360189fffff,7.0,7.0,7.0,7.0
88ad36018bfffff,6.0,6.0,6.0,6.0
88ad36018dfffff,0.0,0.0,0.0,0.0
88ad360195fffff,0.0,0.0,0.0,0.0
88ad360199fffff,2.0,2.0,2.0,2.0
88ad36019bfffff,3.0,3.0,3.0,3.0
88ad3601c1fffff,14.0,14.0,14.0,14.0
88ad3601c3fffff,10.0,10.0,10.0,10.0
88ad3601c5fffff,5.0,5.0,5.0,5.0
88ad3601c7fffff,6.0,6.0,6.0,6.0
88ad3601c9fffff,15.0,14.0,14.0,14.0
88ad3601cbfffff,10.0,9.0,9.0,9.0
88ad3601cdfffff,13.0,12.0,12.0,12.0
88ad3601d1fffff,2.0,2.0,2.0,2.0
88ad3601d3fffff,5.0,5.0,6.0,6.0
88ad3601d5fffff,9.0,8.0,8.0,8.0
88ad3601d7fffff,0.0,0.0,0.0,0.0
88ad3601d9fffff,11.0,11.0,11.0,11.0
88ad3601dbfffff,7.0,7.0,7.0,7.0
88ad3601ddfffff,10.0,10.0,11.0,11.0
88ad3601e3fffff,0.0,0.0,0.0,0.0
88ad3601e9fffff,0.0,0.0,0.0,0.0
88ad3601ebfffff,0.0,0.0,0.0,0.0
88ad360201fffff,17.0,17.0,17.0,17.0
88ad360203fffff,11.0,10.0,11.0,11.0
88ad360205fffff,13.0,12.0,12.0,12.0
88ad360207fffff,21.0,19.0,19.0,18.0
88ad360209fffff,1.0,1.0,1.0,1.0
88ad36020bfffff,18.0,18.0,18.0,18.0
88ad36020dfffff,2.0,2.0,2.0,2.0
88ad360215fffff,1.0,1.0,1.0,1.0
88ad360219fffff,0.0,0.0,0.0,0.0
88ad36021dfffff,4.0,4.0,4.0,4.0
88ad360221fffff,6.0,6.0,6.0,6.0
88ad360223fffff,39.0,39.0,39.0,39.0
88ad360225fffff,2.0,2.0,2.0,2.0
88ad360227fffff,6.0,6.0,6.0,6.0
88ad360229fffff,8.0,8.0,8.0,8.0
88ad36022bfffff,13.0,13.0,13.0,14.0
88ad36022dfffff,27.0,27.0,27.0,27.0
88ad360231fffff,1.0,1.0,1.0,2.0
88ad360235fffff,8.0,8.0,8.0,8.0
88ad360237fffff,2.0,2.0,2.0,2.0
88ad360239fffff,9.0,9.0,10.0,10.0
88ad36023dfffff,8.0,8.0,8.0,9.0
88ad360241fffff,14.0,14.0,15.0,15.0
88ad360243fffff,8.0,8.0,8.0,8.0
88ad360245fffff,27.0,27.0,27.0,27.0
88ad360247fffff,7.0,7.0,8.0,8.0
88ad360249fffff,6.0,6.0,6.0,6.0
88ad36024bfffff,30.0,31.0,31.0,31.0
88ad36024dfffff,10.0,10.0,10.0,11.0
88ad360251fffff,36.0,35.0,35.0,34.0
88ad360253fffff,4.0,4.0,4.0,4.0
88ad360255fffff,1.0,1.0,1.0,2.0
88ad360257fffff,11.0,12.0,12.0,12.0
88ad360259fffff,8.0,8.0,8.0,8.0
88ad36025bfffff,21.0,22.0,23.0,23.0
88ad36025dfffff,3.0,3.0,3.0,3.0
88ad360261fffff,0.0,0.0,0.0,0.0
88ad360263fffff,3.0,3.0,3.0,3.0
88ad360265fffff,1.0,1.0,1.0,1.0
88ad360267fffff,22.0,22.0,23.0,23.0
88ad360269fffff,0.0,0.0,0.0,0.0
88ad36026bfffff,6.0,5.0,6.0,6.0
88ad36026dfffff,11.0,11.0,11.0,12.0
88ad360301fffff,8.0,9.0,9.0,9.0
88ad360303fffff,9.0,8.0,9.0,9.0
88ad360305fffff,1.0,1.0,2.0,2.0
88ad360307fffff,1.0,1.0,1.0,1.0
88ad360309fffff,9.0,9.0,9.0,10.0
88ad36030bfffff,9.0,9.0,9.0,9.0
88ad36030dfffff,10.0,9.0,9.0,9.0
88ad360311fffff,4.0,4.0,4.0,4.0
88ad360313fffff,4.0,4.0,4.0,4.0
88ad360315fffff,9.0,9.0,9.0,9.0
88ad360317fffff,2.0,2.0,2.0,2.0
88ad360319fffff,6.0,7.0,7.0,7.0
88ad36031bfffff,5.0,5.0,5.0,5.0
88ad36031dfffff,10.0,9.0,10.0,10.0
88ad360325fffff,0.0,0.0,0.0,0.0
88ad360329fffff,0.0,0.0,0.0,0.0
88ad36032bfffff,0.0,0.0,0.0,0.0
88ad36032dfffff,0.0,0.0,0.0,0.0
88ad360331fffff,3.0,3.0,4.0,4.0
88ad360333fffff,1.0,1.0,1.0,1.0
88ad360335fffff,1.0,2.0,2.0,2.0
88ad360337fffff,9.0,9.0,10.0,10.0
88ad360339fffff,2.0,2.0,2.0,2.0
88ad36033bfffff,1.0,1.0,1.0,1.0
88ad36033dfffff,1.0,1.0,1.0,1.0
88ad360341fffff,12.0,12.0,12.0,13.0
88ad360343fffff,11.0,11.0,11.0,12.0
88ad360345fffff,18.0,17.0,18.0,18.0
88ad360347fffff,9.0,9.0,10.0,10.0
88ad360349fffff,6.0,6.0,6.0,6.0
88ad36034bfffff,12.0,13.0,13.0,13.0
88ad36034dfffff,10.0,10.0,10.0,11.0
88ad360351fffff,9.0,9.0,10.0,10.0
88ad360353fffff,10.0,10.0,10.0,10.0
88ad360355fffff,8.0,8.0,9.0,9.0
88ad360357fffff,12.0,12.0,12.0,12.0
88ad360359fffff,2.0,2.0,2.0,2.0
88ad36035bfffff,10.0,9.0,10.0,10.0
88ad36035dfffff,8.0,8.0,8.0,9.0
88ad360361fffff,2.0,3.0,3.0,3.0
88ad360363fffff,4.0,4.0,4.0,4.0
88ad360365fffff,1.0,1.0,1.0,1.0
88ad360367fffff,1.0,1.0,1.0,2.0
88ad360369fffff,9.0,9.0,10.0,10.0
88ad36036bfffff,5.0,5.0,6.0,6.0
88ad36036dfffff,1.0,1.0,1.0,1.0
88ad360543fffff,0.0,0.0,0.0,0.0
88ad36055dfffff,0.0,0.0,0.0,0.0
88ad36082dfffff,0.0,0.0,0.0,0.0
88ad360837fffff,0.0,0.0,0.0,0.0
88ad36083bfffff,0.0,0.0,0.0,0.0
88ad360847fffff,0.0,0.0,0.0,0.0
88ad360883fffff,0.0,0.0,0.0,0.0
88ad360891fffff,0.0,0.0,0.0,0.0
88ad360895fffff,0.0,0.0,0.0,0.0
88ad36089bfffff,0.0,0.0,0.0,0.0
88ad3608a9fffff,0.0,0.0,0.0,0.0
88ad3608b3fffff,0.0,0.0,0.0,0.0
88ad3608c1fffff,0.0,0.0,0.0,0.0
88ad3608d3fffff,0.0,0.0,0.0,0.0
88ad3608d7fffff,0.0,0.0,0.0,0.0
88ad3608dbfffff,0.0,0.0,0.0,0.0
88ad3608e9fffff,0.0,0.0,0.0,0.0
88ad36091bfffff,0.0,0.0,0.0,0.0
88ad360921fffff,0.0,0.0,0.0,0.0
88ad36094bfffff,0.0,0.0,0.0,0.0
88ad360959fffff,0.0,0.0,0.0,0.0
88ad360981fffff,0.0,0.0,0.0,0.0
88ad360983fffff,1.0,2.0,2.0,2.0
88ad360993fffff,0.0,0.0,0.0,0.0
88ad360997fffff,0.0,0.0,0.0,0.0
88ad36099dfffff,2.0,2.0,2.0,2.0
88ad3609c7fffff,0.0,0.0,0.0,0.0
88ad3609d3fffff,0.0,0.0,0.0,0.0
88ad360a01fffff,0.0,0.0,0.0,0.0
88ad360a11fffff,0.0,0.0,0.0,0.0
88ad360a13fffff,0.0,0.0,0.0,0.0
88ad360a19fffff,0.0,0.0,0.0,0.0
88ad360a1bfffff,0.0,0.0,0.0,0.0
88ad360a1dfffff,0.0,0.0,0.0,0.0
88ad360a41fffff,0.0,0.0,0.0,0.0
88ad360a43fffff,0.0,0.0,0.0,0.0
88ad360a49fffff,0.0,0.0,0.0,0.0
88ad360a4bfffff,0.0,0.0,0.0,0.0
88ad360a4dfffff,0.0,0.0,0.0,0.0
88ad360a51fffff,0.0,0.0,0.0,0.0
88ad360a53fffff,0.0,0.0,0.0,0.0
88ad360a55fffff,0.0,0.0,0.0,0.0
88ad360a59fffff,0.0,0.0,0.0,0.0
88ad360a67fffff,0.0,0.0,0.0,0.0
88ad360a6dfffff,0.0,0.0,0.0,0.0
88ad360a81fffff,0.0,0.0,0.0,0.0
88ad360a83fffff,0.0,0.0,0.0,0.0
88ad360a85fffff,0.0,0.0,0.0,0.0
88ad360a87fffff,0.0,0.0,0.0,0.0
88ad360a8bfffff,0.0,0.0,0.0,0.0
88ad360a99fffff,0.0,0.0,0.0,0.0
88ad360a9bfffff,0.0,0.0,0.0,0.0
88ad360a9dfffff,1.0,1.0,1.0,1.0
88ad360ab9fffff,0.0,0.0,0.0,0.0
88ad360ac3fffff,0.0,0.0,0.0,0.0
88ad360ac7fffff,0.0,0.0,0.0,0.0
88ad360ad7fffff,0.0,0.0,0.0,0.0
88ad360ae3fffff,0.0,0.0,0.0,0.0
88ad360aebfffff,0.0,0.0,0.0,0.0
88ad360b0bfffff,0.0,0.0,0.0,0.0
88ad360b0dfffff,0.0,0.0,0.0,0.0
88ad360b13fffff,0.0,0.0,0.0,0.0
88ad360b25fffff,0.0,0.0,0.0,0.0
88ad360b29fffff,0.0,0.0,0.0,0.0
88ad360b57fffff,0.0,0.0,0.0,0.0
88ad360c27fffff,0.0,0.0,0.0,0.0
88ad360c2dfffff,0.0,0.0,0.0,0.0
88ad360c61fffff,4.0,4.0,4.0,4.0
88ad360c67fffff,4.0,4.0,4.0,4.0
88ad360c69fffff,3.0,3.0,3.0,3.0
88ad360d09fffff,0.0,0.0,0.0,0.0
88ad360d0bfffff,0.0,0.0,0.0,0.0
88ad360d0dfffff,0.0,0.0,0.0,0.0
88ad360d1bfffff,0.0,0.0,0.0,0.0
88ad360d29fffff,0.0,0.0,0.0,0.0
88ad360d2dfffff,0.0,0.0,0.0,0.0
88ad360d3bfffff,0.0,0.0,0.0,0.0
88ad360d41fffff,0.0,0.0,0.0,0.0
88ad360d45fffff,0.0,0.0,0.0,0.0
88ad360d4bfffff,0.0,0.0,0.0,0.0
88ad360d51fffff,0.0,0.0,0.0,0.0
88ad360d53fffff,0.0,0.0,0.0,0.0
88ad360d55fffff,0.0,0.0,0.0,0.0
88ad360d57fffff,0.0,0.0,0.0,0.0
88ad360d59fffff,0.0,0.0,0.0,0.0
88ad360d5bfffff,7.0,7.0,7.0,7.0
88ad360d5dfffff,0.0,0.0,0.0,0.0
88ad360d69fffff,0.0,0.0,0.0,0.0
88ad360da5fffff,0.0,0.0,0.0,0.0
88ad360dabfffff,0.0,0.0,0.0,0.0
88ad360e21fffff,1.0,1.0,1.0,1.0
88ad360e25fffff,4.0,4.0,4.0,4.0
88ad360e27fffff,9.0,9.0,9.0,9.0
88ad360e2dfffff,2.0,2.0,3.0,3.0
88ad360e4dfffff,0.0,0.0,0.0,0.0
88ad360e63fffff,0.0,0.0,0.0,0.0
88ad360e65fffff,0.0,0.0,0.0,0.0
88ad360e67fffff,1.0,1.0,1.0,1.0
88ad360e69fffff,0.0,0.0,0.0,0.0
88ad360e6bfffff,0.0,0.0,0.0,0.0
88ad360f03fffff,0.0,0.0,0.0,0.0
88ad360f05fffff,0.0,0.0,0.0,0.0
88ad360f0dfffff,0.0,0.0,0.0,0.0
88ad360f11fffff,5.0,5.0,5.0,5.0
88ad360f13fffff,4.0,4.0,4.0,4.0
88ad360f15fffff,0.0,0.0,0.0,0.0
88ad360f17fffff,0.0,0.0,0.0,0.0
88ad360f19fffff,0.0,0.0,0.0,0.0
88ad360f1bfffff,8.0,8.0,8.0,9.0
88ad360f1dfffff,0.0,0.0,0.0,0.0
88ad360f21fffff,0.0,0.0,0.0,0.0
88ad360f23fffff,0.0,0.0,0.0,0.0
88ad360f27fffff,0.0,0.0,0.0,0.0
88ad360f29fffff,0.0,0.0,0.0,0.0
88ad360f2bfffff,0.0,0.0,0.0,0.0
88ad360f31fffff,0.0,0.0,0.0,0.0
88ad360f33fffff,0.0,0.0,0.0,0.0
88ad360f37fffff,0.0,0.0,0.0,0.0
88ad360f3bfffff,0.0,0.0,0.0,0.0
88ad360f45fffff,0.0,0.0,0.0,0.0
88ad360f4bfffff,0.0,0.0,0.0,0.0
88ad360f4dfffff,0.0,0.0,0.0,0.0
88ad360f51fffff,0.0,0.0,0.0,0.0
88ad360f53fffff,0.0,0.0,0.0,0.0
88ad360f5bfffff,0.0,0.0,0.0,0.0
88ad360f61fffff,0.0,0.0,0.0,0.0
88ad360f67fffff,0.0,0.0,0.0,0.0
88ad360f69fffff,0.0,0.0,0.0,0.0
88ad360f6dfffff,0.0,0.0,0.0,0.0
88ad361001fffff,29.0,29.0,30.0,30.0
88ad361003fffff,37.0,37.0,37.0,37.0
88ad361005fffff,4.0,4.0,4.0,4.0
88ad361007fffff,11.0,11.0,11.0,11.0
88ad361009fffff,69.0,69.0,69.0,67.0
88ad36100bfffff,26.0,25.0,25.0,25.0
88ad36100dfffff,23.0,21.0,21.0,20.0
88ad361011fffff,20.0,20.0,21.0,21.0
88ad361013fffff,14.0,14.0,14.0,14.0
88ad361015fffff,27.0,26.0,26.0,26.0
88ad361017fffff,16.0,16.0,16.0,17.0
88ad361019fffff,24.0,23.0,23.0,23.0
88ad36101bfffff,11.0,12.0,12.0,12.0
88ad36101dfffff,27.0,27.0,28.0,28.0
88ad361021fffff,15.0,14.0,15.0,15.0
88ad361023fffff,37.0,37.0,38.0,38.0
88ad361025fffff,8.0,8.0,8.0,8.0
88ad361027fffff,26.0,27.0,28.0,28.0
88ad361029fffff,0.0,0.0,0.0,0.0
88ad36102bfffff,8.0,8.0,9.0,9.0
88ad36102dfffff,0.0,0.0,0.0,0.0
88ad361031fffff,25.0,25.0,26.0,26.0
88ad361033fffff,30.0,31.0,31.0,31.0
88ad361035fffff,14.0,14.0,15.0,15.0
88ad361037fffff,24.0,24.0,25.0,25.0
88ad361039fffff,22.0,22.0,23.0,23.0
88ad36103bfffff,54.0,53.0,53.0,53.0
88ad36103dfffff,22.0,22.0,23.0,23.0
88ad361041fffff,40.0,40.0,40.0,40.0
88ad361043fffff,19.0,19.0,19.0,19.0
88ad361045fffff,24.0,23.0,24.0,23.0
88ad361047fffff,20.0,20.0,20.0,20.0
88ad361049fffff,27.0,28.0,28.0,28.0
88ad36104bfffff,19.0,19.0,20.0,20.0
88ad36104dfffff,20.0,20.0,20.0,20.0
88ad361051fffff,59.0,58.0,59.0,57.0
88ad361053fffff,11.0,11.0,11.0,12.0
88ad361055fffff,17.0,18.0,18.0,18.0
88ad361057fffff,32.0,31.0,32.0,31.0
88ad361059fffff,24.0,25.0,25.0,25.0
88ad36105bfffff,10.0,10.0,10.0,10.0
88ad36105dfffff,23.0,23.0,24.0,24.0
88ad361061fffff,0.0,0.0,0.0,0.0
88ad361063fffff,2.0,2.0,3.0,3.0
88ad361065fffff,0.0,0.0,0.0,0.0
88ad361067fffff,0.0,0.0,0.0,0.0
88ad361069fffff,1.0,1.0,1.0,1.0
88ad36106bfffff,9.0,8.0,7.0,7.0
88ad361081fffff,9.0,10.0,10.0,10.0
88ad361083fffff,8.0,9.0,9.0,9.0
88ad361085fffff,9.0,9.0,9.0,9.0
88ad361087fffff,8.0,9.0,9.0,9.0
88ad361089fffff,23.0,23.0,24.0,24.0
88ad36108bfffff,6.0,6.0,7.0,7.0
88ad36108dfffff,2.0,2.0,2.0,2.0
88ad361091fffff,4.0,4.0,4.0,4.0
88ad361093fffff,23.0,24.0,24.0,24.0
88ad361095fffff,7.0,7.0,7.0,7.0
88ad361097fffff,1.0,1.0,1.0,1.0
88ad361099fffff,19.0,18.0,18.0,18.0
88ad36109bfffff,23.0,21.0,21.0,21.0
88ad36109dfffff,3.0,3.0,3.0,3.0
88ad3610a1fffff,7.0,7.0,8.0,8.0
88ad3610a3fffff,9.0,9.0,9.0,10.0
88ad3610a5fffff,11.0,11.0,11.0,11.0
88ad3610a7fffff,2.0,2.0,3.0,3.0
88ad3610a9fffff,13.0,12.0,13.0,13.0
88ad3610abfffff,9.0,9.0,9.0,10.0
88ad3610adfffff,4.0,4.0,4.0,4.0
88ad3610b1fffff,3.0,4.0,4.0,4.0
88ad3610b3fffff,26.0,26.0,26.0,26.0
88ad3610b5fffff,4.0,4.0,4.0,4.0
88ad3610b7fffff,14.0,15.0,15.0,16.0
88ad3610b9fffff,8.0,9.0,9.0,9.0
88ad3610bbfffff,6.0,7.0,7.0,7.0
88ad3610bdfffff,8.0,8.0,8.0,8.0
88ad3610c1fffff,24.0,25.0,25.0,25.0
88ad3610c3fffff,24.0,24.0,25.0,25.0
88ad3610c5fffff,16.0,16.0,16.0,16.0
88ad3610c7fffff,23.0,23.0,24.0,24.0
88ad3610c9fffff,26.0,27.0,27.0,27.0
88ad3610cbfffff,21.0,20.0,21.0,21.0
88ad3610cdfffff,24.0,25.0,25.0,25.0
88ad3610d1fffff,7.0,8.0,8.0,8.0
88ad3610d3fffff,5.0,5.0,5.0,5.0
88ad3610d5fffff,14.0,14.0,15.0,15.0
88ad3610d7fffff,4.0,4.0,4.0,4.0
88ad3610d9fffff,11.0,12.0,12.0,12.0
88ad3610dbfffff,8.0,8.0,8.0,8.0
88ad3610ddfffff,34.0,35.0,36.0,35.0
88ad3610e1fffff,41.0,41.0,41.0,41.0
88ad3610e3fffff,48.0,47.0,47.0,46.0
88ad3610e5fffff,21.0,21.0,21.0,21.0
88ad3610e7fffff,63.0,62.0,62.0,61.0
88ad3610e9fffff,17.0,17.0,17.0,17.0
88ad3610ebfffff,17.0,17.0,17.0,18.0
88ad3610edfffff,16.0,16.0,16.0,17.0
88ad361101fffff,8.0,8.0,8.0,8.0
88ad361103fffff,10.0,10.0,10.0,10.0
88ad361105fffff,8.0,8.0,9.0,9.0
88ad361107fffff,3.0,3.0,3.0,3.0
88ad361109fffff,7.0,7.0,7.0,7.0
88ad36110bfffff,16.0,15.0,15.0,14.0
88ad36110dfffff,21.0,22.0,22.0,22.0
88ad361111fffff,19.0,20.0,20.0,20.0
88ad361113fffff,32.0,31.0,31.0,30.0
88ad361115fffff,2.0,2.0,2.0,2.0
88ad361117fffff,25.0,25.0,26.0,26.0
88ad361119fffff,2.0,3.0,3.0,3.0
88ad36111bfffff,12.0,12.0,12.0,12.0
88ad36111dfffff,12.0,12.0,13.0,13.0
88ad361121fffff,2.0,2.0,2.0,2.0
88ad361123fffff,13.0,13.0,13.0,14.0
88ad361125fffff,14.0,13.0,13.0,13.0
88ad361127fffff,36.0,37.0,37.0,37.0
88ad361129fffff,12.0,12.0,12.0,12.0
88ad36112bfffff,0.0,0.0,0.0,0.0
88ad36112dfffff,1.0,1.0,1.0,1.0
88ad361131fffff,2.0,2.0,2.0,2.0
88ad361133fffff,40.0,41.0,41.0,41.0
88ad361135fffff,0.0,0.0,0.0,0.0
88ad361137fffff,6.0,6.0,7.0,7.0
88ad361139fffff,1.0,1.0,1.0,1.0
88ad36113bfffff,15.0,14.0,15.0,15.0
88ad36113dfffff,0.0,0.0,0.0,0.0
88ad361141fffff,37.0,36.0,36.0,36.0
88ad361143fffff,30.0,30.0,31.0,31.0
88ad361145fffff,34.0,33.0,34.0,33.0
88ad361147fffff,28.0,28.0,28.0,27.0
88ad361149fffff,25.0,25.0,26.0,26.0
88ad36114bfffff,25.0,26.0,26.0,26.0
88ad36114dfffff,29.0,29.0,30.0,29.0
88ad361153fffff,0.0,0.0,0.0,0.0
88ad361157fffff,3.0,3.0,4.0,4.0
88ad361159fffff,0.0,0.0,0.0,0.0
88ad36115bfffff,0.0,0.0,0.0,0.0
88ad36115dfffff,1.0,1.0,1.0,1.0
88ad361161fffff,48.0,47.0,48.0,47.0
88ad361163fffff,26.0,26.0,26.0,26.0
88ad361165fffff,31.0,32.0,32.0,32.0
88ad361167fffff,10.0,9.0,10.0,10.0
88ad361169fffff,18.0,18.0,18.0,18.0
88ad36116bfffff,26.0,26.0,26.0,26.0
88ad36116dfffff,3.0,3.0,4.0,4.0
88ad361181fffff,26.0,27.0,27.0,27.0
88ad361183fffff,23.0,24.0,24.0,24.0
88ad361185fffff,9.0,9.0,9.0,9.0
88ad361187fffff,16.0,16.0,17.0,17.0
88ad361189fffff,26.0,26.0,26.0,26.0
88ad36118bfffff,27.0,28.0,29.0,29.0
88ad36118dfffff,44.0,43.0,43.0,43.0
88ad361191fffff,5.0,5.0,5.0,5.0
88ad361193fffff,0.0,1.0,1.0,1.0
88ad361195fffff,21.0,21.0,22.0,22.0
88ad361197fffff,11.0,11.0,11.0,12.0
88ad361199fffff,14.0,15.0,15.0,15.0
88ad36119bfffff,3.0,3.0,3.0,3.0
88ad36119dfffff,5.0,5.0,5.0,5.0
88ad3611a1fffff,26.0,26.0,27.0,26.0
88ad3611a3fffff,15.0,14.0,14.0,14.0
88ad3611a5fffff,14.0,14.0,15.0,15.0
88ad3611a7fffff,8.0,8.0,8.0,8.0
88ad3611a9fffff,46.0,45.0,45.0,45.0
88ad3611abfffff,14.0,14.0,14.0,14.0
88ad3611adfffff,27.0,26.0,26.0,25.0
88ad3611b1fffff,13.0,13.0,13.0,14.0
88ad3611b3fffff,11.0,11.0,11.0,11.0
88ad3611b5fffff,6.0,7.0,7.0,7.0
88ad3611b7fffff,6.0,6.0,7.0,7.0
88ad3611b9fffff,21.0,22.0,22.0,22.0
88ad3611bbfffff,17.0,17.0,17.0,17.0
88ad3611bdfffff,18.0,19.0,19.0,19.0
88ad3611c1fffff,25.0,26.0,26.0,26.0
88ad3611c3fffff,11.0,11.0,11.0,11.0
88ad3611c5fffff,18.0,17.0,17.0,17.0
88ad3611c7fffff,39.0,38.0,38.0,37.0
88ad3611c9fffff,21.0,22.0,22.0,22.0
88ad3611cbfffff,15.0,16.0,16.0,16.0
88ad3611cdfffff,25.0,25.0,26.0,26.0
88ad3611d1fffff,2.0,2.0,2.0,2.0
88ad3611d3fffff,2.0,2.0,3.0,3.0
88ad3611d5fffff,4.0,4.0,4.0,4.0
88ad3611d7fffff,4.0,4.0,4.0,4.0
88ad3611d9fffff,13.0,13.0,14.0,14.0
88ad3611dbfffff,2.0,2.0,2.0,2.0
88ad3611ddfffff,2.0,2.0,2.0,2.0
88ad3611e1fffff,24.0,24.0,24.0,24.0
88ad3611e3fffff,10.0,9.0,9.0,9.0
88ad3611e5fffff,21.0,21.0,21.0,21.0
88ad3611e7fffff,24.0,25.0,25.0,25.0
88ad3611e9fffff,36.0,36.0,36.0,36.0
88ad3611ebfffff,17.0,17.0,17.0,17.0
88ad3611edfffff,29.0,29.0,29.0,29.0
88ad361201fffff,7.0,8.0,8.0,8.0
88ad361203fffff,2.0,2.0,2.0,2.0
88ad361205fffff,12.0,12.0,13.0,13.0
88ad361207fffff,27.0,28.0,28.0,28.0
88ad361209fffff,4.0,4.0,4.0,4.0
88ad36120bfffff,4.0,4.0,4.0,4.0
88ad36120dfffff,21.0,21.0,21.0,21.0
88ad361211fffff,1.0,1.0,1.0,1.0
88ad361213fffff,1.0,1.0,1.0,1.0
88ad361215fffff,3.0,3.0,3.0,3.0
88ad361217fffff,4.0,4.0,5.0,5.0
88ad361219fffff,1.0,1.0,1.0,1.0
88ad36121bfffff,2.0,2.0,2.0,2.0
88ad36121dfffff,1.0,1.0,1.0,1.0
88ad361221fffff,13.0,13.0,13.0,13.0
88ad361223fffff,20.0,20.0,21.0,21.0
88ad361225fffff,6.0,6.0,6.0,6.0
88ad361227fffff,18.0,18.0,18.0,18.0
88ad361229fffff,16.0,15.0,15.0,15.0
88ad36122bfffff,40.0,40.0,41.0,40.0
88ad36122dfffff,14.0,14.0,14.0,15.0
88ad361231fffff,25.0,26.0,27.0,27.0
88ad361233fffff,8.0,8.0,8.0,8.0
88ad361235fffff,39.0,38.0,38.0,37.0
88ad361237fffff,21.0,22.0,22.0,22.0
88ad361239fffff,10.0,10.0,10.0,10.0
88ad36123bfffff,1.0,1.0,1.0,1.0
88ad36123dfffff,25.0,24.0,25.0,25.0
88ad361241fffff,13.0,13.0,13.0,13.0
88ad361243fffff,1.0,1.0,1.0,1.0
88ad361245fffff,12.0,11.0,11.0,11.0
88ad361247fffff,29.0,28.0,28.0,28.0
88ad361249fffff,8.0,8.0,9.0,9.0
88ad36124bfffff,0.0,0.0,0.0,0.0
88ad36124dfffff,13.0,13.0,14.0,14.0
88ad361251fffff,0.0,0.0,0.0,0.0
88ad361253fffff,1.0,1.0,1.0,1.0
88ad361255fffff,1.0,1.0,1.0,1.0
88ad361257fffff,0.0,0.0,0.0,0.0
88ad361259fffff,0.0,0.0,0.0,0.0
88ad36125bfffff,1.0,1.0,1.0,1.0
88ad36125dfffff,0.0,0.0,0.0,0.0
88ad361261fffff,19.0,19.0,19.0,19.0
88ad361263fffff,13.0,13.0,14.0,14.0
88ad361265fffff,11.0,11.0,12.0,12.0
88ad361267fffff,30.0,30.0,30.0,30.0
88ad361269fffff,28.0,28.0,29.0,29.0
88ad36126bfffff,27.0,27.0,28.0,28.0
88ad36126dfffff,12.0,12.0,13.0,13.0
88ad361281fffff,20.0,20.0,21.0,21.0
88ad361283fffff,21.0,21.0,22.0,22.0
88ad361285fffff,26.0,26.0,27.0,27.0
88ad361287fffff,20.0,21.0,21.0,21.0
88ad361289fffff,12.0,12.0,12.0,12.0
88ad36128bfffff,13.0,13.0,13.0,14.0
88ad36128dfffff,9.0,9.0,10.0,10.0
88ad361291fffff,2.0,2.0,2.0,2.0
88ad361293fffff,13.0,13.0,13.0,13.0
88ad361295fffff,11.0,11.0,12.0,12.0
88ad361297fffff,5.0,5.0,5.0,5.0
88ad361299fffff,0.0,0.0,0.0,0.0
88ad36129bfffff,8.0,8.0,9.0,9.0
88ad36129dfffff,6.0,7.0,7.0,7.0
88ad3612a1fffff,18.0,19.0,19.0,19.0
88ad3612a3fffff,13.0,12.0,12.0,12.0
88ad3612a5fffff,10.0,10.0,11.0,11.0
88ad3612a7fffff,25.0,26.0,27.0,27.0
88ad3612a9fffff,69.0,69.0,69.0,67.0
88ad3612abfffff,11.0,12.0,12.0,12.0
88ad3612adfffff,12.0,12.0,12.0,13.0
88ad3612b1fffff,15.0,15.0,16.0,16.0
88ad3612b3fffff,11.0,12.0,12.0,12.0
88ad3612b5fffff,16.0,16.0,16.0,16.0
88ad3612b7fffff,21.0,21.0,22.0,21.0
88ad3612b9fffff,20.0,21.0,22.0,22.0
88ad3612bbfffff,15.0,16.0,16.0,16.0
88ad3612bdfffff,8.0,8.0,8.0,8.0
88ad3612c1fffff,2.0,2.0,2.0,2.0
88ad3612c3fffff,7.0,7.0,7.0,7.0
88ad3612c5fffff,0.0,0.0,0.0,0.0
88ad3612c7fffff,6.0,6.0,6.0,6.0
88ad3612c9fffff,12.0,12.0,12.0,12.0
88ad3612cbfffff,9.0,9.0,9.0,9.0
88ad3612cdfffff,1.0,1.0,1.0,1.0
88ad3612d1fffff,10.0,11.0,11.0,11.0
88ad3612d3fffff,3.0,3.0,3.0,3.0
88ad3612d5fffff,14.0,14.0,14.0,14.0
88ad3612d7fffff,5.0,5.0,6.0,6.0
88ad3612d9fffff,10.0,10.0,11.0,11.0
88ad3612dbfffff,11.0,11.0,11.0,11.0
88ad3612ddfffff,14.0,14.0,14.0,14.0
88ad3612e1fffff,2.0,2.0,2.0,2.0
88ad3612e3fffff,10.0,10.0,11.0,11.0
88ad3612e5fffff,9.0,8.0,8.0,8.0
88ad3612e7fffff,8.0,8.0,8.0,8.0
88ad3612e9fffff,16.0,16.0,17.0,17.0
88ad3612ebfffff,0.0,0.0,1.0,1.0
88ad3612edfffff,3.0,3.0,3.0,3.0
88ad361301fffff,7.0,7.0,7.0,7.0
88ad361303fffff,9.0,9.0,9.0,9.0
88ad361305fffff,4.0,4.0,4.0,4.0
88ad361307fffff,26.0,26.0,27.0,27.0
88ad361309fffff,7.0,7.0,8.0,8.0
88ad36130bfffff,12.0,12.0,12.0,12.0
88ad36130dfffff,1.0,1.0,1.0,1.0
88ad361311fffff,4.0,4.0,4.0,4.0
88ad361313fffff,15.0,15.0,16.0,16.0
88ad361315fffff,0.0,0.0,0.0,0.0
88ad361317fffff,0.0,0.0,0.0,0.0
88ad361319fffff,4.0,4.0,4.0,4.0
88ad36131bfffff,6.0,6.0,6.0,6.0
88ad36131dfffff,1.0,1.0,1.0,1.0
88ad361321fffff,19.0,19.0,20.0,20.0
88ad361323fffff,30.0,29.0,29.0,28.0
88ad361325fffff,8.0,8.0,8.0,8.0
88ad361327fffff,19.0,18.0,18.0,18.0
88ad361329fffff,0.0,0.0,0.0,0.0
88ad36132bfffff,45.0,44.0,44.0,43.0
88ad36132dfffff,0.0,0.0,0.0,0.0
88ad361335fffff,22.0,22.0,23.0,23.0
88ad361337fffff,0.0,0.0,0.0,0.0
88ad361339fffff,2.0,2.0,2.0,2.0
88ad36133dfffff,10.0,10.0,10.0,10.0
88ad361341fffff,1.0,1.0,1.0,1.0
88ad361343fffff,12.0,11.0,12.0,12.0
88ad361345fffff,5.0,5.0,5.0,5.0
88ad361347fffff,9.0,9.0,9.0,9.0
88ad36134bfffff,0.0,0.0,0.0,0.0
88ad36134dfffff,15.0,15.0,16.0,16.0
88ad361351fffff,17.0,17.0,18.0,18.0
88ad361353fffff,12.0,12.0,12.0,13.0
88ad361355fffff,8.0,9.0,9.0,9.0
88ad361357fffff,15.0,15.0,15.0,15.0
88ad361359fffff,10.0,10.0,10.0,10.0
88ad36135bfffff,10.0,10.0,10.0,10.0
88ad36135dfffff,14.0,14.0,15.0,15.0
88ad361363fffff,0.0,0.0,0.0,0.0
88ad361365fffff,17.0,16.0,16.0,16.0
88ad361369fffff,0.0,0.0,0.0,0.0
88ad36136bfffff,5.0,5.0,5.0,5.0
88ad36136dfffff,5.0,5.0,5.0,5.0
88ad361401fffff,6.0,6.0,7.0,7.0
88ad361403fffff,4.0,4.0,4.0,4.0
88ad361405fffff,1.0,0.0,1.0,1.0
88ad361407fffff,0.0,0.0,0.0,0.0
88ad361409fffff,5.0,5.0,5.0,5.0
88ad36140bfffff,10.0,10.0,10.0,10.0
88ad361415fffff,1.0,1.0,1.0,1.0
88ad361421fffff,17.0,17.0,17.0,17.0
88ad361423fffff,2.0,2.0,2.0,2.0
88ad361425fffff,26.0,26.0,27.0,27.0
88ad361427fffff,8.0,8.0,8.0,8.0
88ad361429fffff,8.0,8.0,9.0,9.0
88ad36142bfffff,1.0,1.0,1.0,1.0
88ad36142dfffff,13.0,14.0,14.0,14.0
88ad361431fffff,10.0,10.0,11.0,11.0
88ad361435fffff,26.0,26.0,27.0,27.0
88ad361437fffff,4.0,4.0,5.0,5.0
88ad361439fffff,10.0,10.0,10.0,10.0
88ad36143dfffff,1.0,1.0,1.0,1.0
88ad361441fffff,0.0,0.0,0.0,0.0
88ad361443fffff,0.0,0.0,0.0,0.0
88ad361445fffff,0.0,0.0,0.0,0.0
88ad361447fffff,0.0,0.0,0.0,0.0
88ad361449fffff,0.0,0.0,0.0,0.0
88ad361451fffff,3.0,3.0,3.0,3.0
88ad361455fffff,8.0,9.0,9.0,9.0
88ad361457fffff,1.0,1.0,1.0,1.0
88ad361459fffff,0.0,0.0,0.0,0.0
88ad36145dfffff,2.0,2.0,2.0,2.0
88ad361461fffff,0.0,0.0,0.0,0.0
88ad361463fffff,0.0,0.0,0.0,0.0
88ad361465fffff,2.0,2.0,2.0,2.0
88ad361467fffff,8.0,9.0,9.0,9.0
88ad361469fffff,0.0,0.0,0.0,0.0
88ad36146bfffff,0.0,0.0,0.0,0.0
88ad36146dfffff,0.0,0.0,0.0,0.0
88ad361501fffff,0.0,0.0,0.0,0.0
88ad361503fffff,1.0,1.0,1.0,1.0
88ad361505fffff,0.0,0.0,0.0,0.0
88ad361507fffff,0.0,0.0,0.0,0.0
88ad361509fffff,27.0,27.0,28.0,28.0
88ad36150bfffff,7.0,7.0,7.0,7.0
88ad36150dfffff,8.0,8.0,8.0,8.0
88ad361511fffff,18.0,18.0,19.0,19.0
88ad361513fffff,10.0,10.0,10.0,11.0
88ad361515fffff,2.0,2.0,2.0,2.0
88ad361517fffff,10.0,9.0,10.0,10.0
88ad361519fffff,44.0,43.0,44.0,43.0
88ad36151bfffff,15.0,15.0,16.0,16.0
88ad36151dfffff,10.0,10.0,10.0,11.0
88ad361529fffff,1.0,1.0,1.0,1.0
88ad36152bfffff,0.0,0.0,0.0,0.0
88ad36152dfffff,1.0,1.0,1.0,1.0
88ad361533fffff,0.0,0.0,0.0,0.0
88ad361539fffff,0.0,0.0,0.0,0.0
88ad36153bfffff,1.0,1.0,1.0,1.0
88ad36153dfffff,0.0,0.0,0.0,0.0
88ad361541fffff,7.0,7.0,7.0,7.0
88ad361543fffff,14.0,14.0,15.0,15.0
88ad361545fffff,19.0,19.0,20.0,20.0
88ad361547fffff,46.0,45.0,46.0,45.0
88ad361549fffff,0.0,0.0,0.0,0.0
88ad36154bfffff,0.0,0.0,0.0,0.0
88ad36154dfffff,4.0,4.0,4.0,4.0
88ad361551fffff,19.0,20.0,20.0,20.0
88ad361553fffff,20.0,19.0,19.0,19.0
88ad361555fffff,11.0,11.0,11.0,12.0
88ad361557fffff,8.0,8.0,9.0,9.0
88ad361559fffff,2.0,2.0,2.0,2.0
88ad36155bfffff,18.0,17.0,17.0,17.0
88ad36155dfffff,0.0,0.0,0.0,0.0
88ad361561fffff,1.0,1.0,1.0,1.0
88ad361563fffff,1.0,1.0,1.0,1.0
88ad361565fffff,5.0,5.0,5.0,5.0
88ad361567fffff,5.0,5.0,5.0,5.0
88ad361569fffff,9.0,9.0,9.0,10.0
88ad36156bfffff,26.0,26.0,27.0,27.0
88ad36156dfffff,11.0,12.0,12.0,12.0
88ad3615c1fffff,44.0,43.0,44.0,43.0
88ad3615c5fffff,29.0,29.0,30.0,30.0
88ad3615c7fffff,1.0,1.0,1.0,2.0
88ad3615c9fffff,12.0,13.0,13.0,13.0
88ad3615cbfffff,15.0,15.0,15.0,15.0
88ad3615cdfffff,0.0,0.0,0.0,0.0
88ad3615e1fffff,5.0,5.0,5.0,5.0
88ad3615e9fffff,9.0,9.0,9.0,9.0
88ad3615ebfffff,4.0,4.0,4.0,4.0
88ad3615edfffff,1.0,1.0,1.0,1.0
88ad361601fffff,0.0,0.0,0.0,0.0
88ad361609fffff,2.0,2.0,2.0,2.0
88ad36160bfffff,2.0,3.0,3.0,3.0
88ad36160dfffff,1.0,1.0,1.0,1.0
88ad361611fffff,0.0,0.0,0.0,0.0
88ad361615fffff,0.0,0.0,0.0,0.0
88ad361619fffff,0.0,0.0,0.0,0.0
88ad36161bfffff,0.0,0.0,0.0,0.0
88ad36161dfffff,0.0,0.0,0.0,0.0
88ad361623fffff,0.0,0.0,0.0,0.0
88ad361625fffff,0.0,0.0,0.0,0.0
88ad361627fffff,0.0,0.0,0.0,0.0
88ad361629fffff,0.0,0.0,0.0,0.0
88ad361643fffff,0.0,0.0,0.0,0.0
88ad361645fffff,1.0,1.0,1.0,1.0
88ad361647fffff,0.0,0.0,0.0,0.0
88ad361649fffff,0.0,0.0,0.0,0.0
88ad36164bfffff,0.0,0.0,0.0,0.0
88ad36164dfffff,0.0,0.0,0.0,0.0
88ad361651fffff,4.0,4.0,4.0,4.0
88ad361653fffff,3.0,3.0,3.0,3.0
88ad361655fffff,4.0,4.0,4.0,4.0
88ad361657fffff,5.0,5.0,5.0,5.0
88ad361659fffff,0.0,0.0,0.0,0.0
88ad36165bfffff,7.0,7.0,7.0,7.0
88ad36165dfffff,0.0,0.0,0.0,0.0
88ad361661fffff,2.0,2.0,2.0,2.0
88ad361663fffff,0.0,0.0,0.0,0.0
88ad361665fffff,3.0,3.0,3.0,3.0
88ad361667fffff,0.0,0.0,0.0,0.0
88ad361669fffff,4.0,4.0,4.0,4.0
88ad36166bfffff,1.0,1.0,1.0,1.0
88ad36166dfffff,4.0,4.0,4.0,4.0
88ad3616c1fffff,0.0,0.0,0.0,0.0
88ad3616c9fffff,7.0,7.0,7.0,7.0
88ad3616cdfffff,0.0,0.0,0.0,0.0
88ad3616e1fffff,0.0,0.0,0.0,0.0
88ad3616ebfffff,0.0,0.0,0.0,0.0
88ad3616edfffff,0.0,0.0,0.0,0.0
88ad361701fffff,11.0,11.0,11.0,11.0
88ad361705fffff,9.0,8.0,9.0,9.0
88ad361707fffff,1.0,1.0,1.0,1.0
88ad361709fffff,14.0,14.0,15.0,15.0
88ad36170bfffff,6.0,6.0,6.0,6.0
88ad36170dfffff,12.0,11.0,11.0,11.0
88ad361713fffff,0.0,0.0,0.0,0.0
88ad361721fffff,5.0,5.0,5.0,5.0
88ad361723fffff,0.0,0.0,0.0,0.0
88ad361725fffff,16.0,16.0,16.0,16.0
88ad361727fffff,1.0,1.0,1.0,1.0
88ad361729fffff,10.0,10.0,10.0,10.0
88ad36172bfffff,0.0,0.0,0.0,0.0
88ad36172dfffff,12.0,12.0,13.0,13.0
88ad361731fffff,0.0,0.0,0.0,0.0
88ad361735fffff,0.0,0.0,0.0,0.0
88ad361737fffff,0.0,0.0,0.0,0.0
88ad361739fffff,0.0,0.0,0.0,0.0
88ad36173bfffff,0.0,0.0,0.0,0.0
88ad36173dfffff,0.0,0.0,0.0,0.0
88ad361741fffff,9.0,9.0,9.0,9.0
88ad361743fffff,5.0,5.0,5.0,5.0
88ad361745fffff,12.0,12.0,12.0,12.0
88ad361747fffff,11.0,11.0,12.0,12.0
88ad361749fffff,8.0,8.0,9.0,9.0
88ad36174bfffff,3.0,3.0,3.0,4.0
88ad36174dfffff,15.0,15.0,16.0,16.0
88ad361751fffff,2.0,2.0,2.0,2.0
88ad361753fffff,0.0,0.0,0.0,0.0
88ad361755fffff,8.0,8.0,8.0,8.0
88ad361757fffff,3.0,3.0,3.0,3.0
88ad361759fffff,2.0,2.0,2.0,2.0
88ad36175bfffff,1.0,1.0,1.0,1.0
88ad36175dfffff,3.0,3.0,3.0,3.0
88ad361761fffff,15.0,15.0,15.0,16.0
88ad361763fffff,8.0,8.0,8.0,9.0
88ad361765fffff,9.0,9.0,9.0,9.0
88ad361767fffff,8.0,7.0,7.0,7.0
88ad361769fffff,28.0,28.0,29.0,29.0
88ad36176bfffff,11.0,11.0,12.0,12.0
88ad36176dfffff,12.0,12.0,12.0,12.0
88ad361801fffff,8.0,8.0,8.0,8.0
88ad361803fffff,3.0,3.0,3.0,3.0
88ad361805fffff,8.0,8.0,9.0,9.0
88ad361807fffff,3.0,3.0,3.0,3.0
88ad361809fffff,8.0,8.0,8.0,8.0
88ad36180bfffff,7.0,7.0,7.0,7.0
88ad36180dfffff,9.0,9.0,9.0,9.0
88ad361811fffff,13.0,12.0,11.0,11.0
88ad361813fffff,6.0,5.0,5.0,5.0
88ad361815fffff,11.0,11.0,11.0,11.0
88ad361817fffff,6.0,7.0,7.0,7.0
88ad361819fffff,7.0,8.0,8.0,8.0
88ad36181bfffff,9.0,9.0,9.0,9.0
88ad36181dfffff,12.0,11.0,12.0,11.0
88ad361821fffff,11.0,12.0,12.0,12.0
88ad361823fffff,6.0,6.0,6.0,6.0
88ad361825fffff,16.0,14.0,14.0,14.0
88ad361827fffff,8.0,8.0,9.0,9.0
88ad361829fffff,4.0,4.0,4.0,4.0
88ad36182bfffff,7.0,7.0,7.0,7.0
88ad36182dfffff,12.0,12.0,13.0,13.0
88ad361831fffff,7.0,8.0,8.0,8.0
88ad361833fffff,3.0,3.0,3.0,3.0
88ad361835fffff,9.0,9.0,9.0,9.0
88ad361837fffff,7.0,7.0,7.0,8.0
88ad361839fffff,8.0,8.0,8.0,8.0
88ad36183bfffff,7.0,7.0,7.0,7.0
88ad36183dfffff,6.0,6.0,6.0,6.0
88ad361841fffff,7.0,7.0,7.0,8.0
88ad361843fffff,8.0,8.0,8.0,8.0
88ad361845fffff,5.0,5.0,5.0,5.0
88ad361847fffff,10.0,9.0,9.0,9.0
88ad361849fffff,7.0,7.0,7.0,8.0
88ad36184bfffff,8.0,9.0,9.0,9.0
88ad36184dfffff,12.0,12.0,13.0,13.0
88ad361851fffff,8.0,8.0,9.0,9.0
88ad361853fffff,12.0,12.0,13.0,13.0
88ad361855fffff,4.0,4.0,4.0,4.0
88ad361857fffff,10.0,10.0,10.0,10.0
88ad361859fffff,10.0,10.0,11.0,11.0
88ad36185bfffff,11.0,11.0,11.0,11.0
88ad36185dfffff,6.0,6.0,6.0,6.0
88ad361861fffff,9.0,9.0,9.0,9.0
88ad361863fffff,5.0,5.0,6.0,6.0
88ad361865fffff,18.0,18.0,18.0,18.0
88ad361867fffff,17.0,16.0,17.0,16.0
88ad361869fffff,5.0,5.0,5.0,5.0
88ad36186bfffff,8.0,8.0,8.0,8.0
88ad36186dfffff,15.0,15.0,15.0,15.0
88ad361883fffff,0.0,0.0,0.0,0.0
88ad361885fffff,0.0,0.0,0.0,0.0
88ad361887fffff,0.0,0.0,0.0,0.0
88ad361889fffff,0.0,0.0,0.0,0.0
88ad36188dfffff,0.0,0.0,0.0,0.0
88ad361891fffff,0.0,0.0,0.0,0.0
88ad361893fffff,0.0,0.0,0.0,0.0
88ad361895fffff,0.0,0.0,0.0,0.0
88ad36189bfffff,0.0,0.0,0.0,0.0
88ad36189dfffff,0.0,0.0,0.0,0.0
88ad3618a1fffff,2.0,2.0,2.0,2.0
88ad3618a3fffff,1.0,1.0,1.0,1.0
88ad3618a5fffff,2.0,2.0,2.0,2.0
88ad3618a7fffff,0.0,0.0,0.0,0.0
88ad3618a9fffff,3.0,3.0,3.0,3.0
88ad3618abfffff,0.0,0.0,0.0,0.0
88ad3618adfffff,5.0,6.0,6.0,6.0
88ad3618b3fffff,0.0,0.0,0.0,0.0
88ad3618b5fffff,1.0,1.0,1.0,1.0
88ad3618b7fffff,0.0,0.0,0.0,0.0
88ad3618bdfffff,0.0,0.0,0.0,0.0
88ad3618c1fffff,2.0,2.0,2.0,2.0
88ad3618c3fffff,0.0,0.0,0.0,0.0
88ad3618c5fffff,5.0,5.0,6.0,6.0
88ad3618c7fffff,0.0,0.0,0.0,0.0
88ad3618c9fffff,6.0,6.0,6.0,6.0
88ad3618cbfffff,2.0,2.0,2.0,2.0
88ad3618cdfffff,8.0,7.0,7.0,7.0
88ad3618d1fffff,2.0,2.0,2.0,2.0
88ad3618d3fffff,0.0,0.0,0.0,0.0
88ad3618d5fffff,0.0,0.0,0.0,0.0
88ad3618d9fffff,9.0,8.0,8.0,8.0
88ad3618dbfffff,0.0,0.0,0.0,0.0
88ad3618ddfffff,6.0,6.0,7.0,7.0
88ad3618e1fffff,2.0,2.0,2.0,2.0
88ad3618e3fffff,7.0,7.0,7.0,7.0
88ad3618e5fffff,16.0,16.0,17.0,17.0
88ad3618e7fffff,5.0,5.0,5.0,5.0
88ad3618e9fffff,6.0,6.0,6.0,6.0
88ad3618ebfffff,4.0,4.0,4.0,4.0
88ad3618edfffff,7.0,7.0,7.0,7.0
88ad361901fffff,3.0,3.0,3.0,3.0
88ad361903fffff,3.0,3.0,3.0,3.0
88ad361905fffff,1.0,2.0,2.0,2.0
88ad361907fffff,1.0,1.0,1.0,1.0
88ad361909fffff,1.0,1.0,1.0,2.0
88ad36190bfffff,7.0,7.0,7.0,7.0
88ad36190dfffff,0.0,0.0,0.0,0.0
88ad361911fffff,2.0,2.0,2.0,2.0
88ad361913fffff,1.0,1.0,1.0,1.0
88ad361915fffff,4.0,4.0,4.0,4.0
88ad361917fffff,5.0,5.0,5.0,6.0
88ad361919fffff,13.0,13.0,13.0,13.0
88ad36191bfffff,11.0,11.0,11.0,11.0
88ad36191dfffff,10.0,10.0,10.0,10.0
88ad361921fffff,0.0,0.0,0.0,0.0
88ad361923fffff,0.0,0.0,0.0,0.0
88ad36192bfffff,0.0,0.0,0.0,0.0
88ad361931fffff,0.0,0.0,0.0,0.0
88ad361935fffff,0.0,0.0,0.0,0.0
88ad361939fffff,0.0,0.0,0.0,0.0
88ad36193bfffff,1.0,1.0,1.0,1.0
88ad36193dfffff,0.0,0.0,0.0,0.0
88ad361941fffff,18.0,18.0,19.0,19.0
88ad361943fffff,9.0,9.0,9.0,9.0
88ad361945fffff,5.0,5.0,5.0,5.0
88ad361947fffff,14.0,13.0,14.0,14.0
88ad361949fffff,12.0,12.0,12.0,12.0
88ad36194bfffff,14.0,14.0,15.0,15.0
88ad36194dfffff,1.0,1.0,1.0,1.0
88ad361951fffff,13.0,13.0,13.0,13.0
88ad361953fffff,10.0,10.0,11.0,11.0
88ad361955fffff,10.0,10.0,10.0,10.0
88ad361957fffff,10.0,10.0,11.0,11.0
88ad361959fffff,16.0,16.0,16.0,16.0
88ad36195bfffff,12.0,12.0,12.0,12.0
88ad36195dfffff,22.0,22.0,22.0,22.0
88ad361963fffff,0.0,0.0,0.0,0.0
88ad361965fffff,0.0,0.0,0.0,0.0
88ad361967fffff,0.0,0.0,0.0,0.0
88ad36196bfffff,8.0,8.0,9.0,9.0
88ad361981fffff,0.0,0.0,0.0,0.0
88ad361983fffff,1.0,1.0,1.0,1.0
88ad361987fffff,0.0,0.0,0.0,0.0
88ad361989fffff,5.0,5.0,5.0,5.0
88ad36198bfffff,5.0,5.0,5.0,6.0
88ad36198dfffff,2.0,2.0,2.0,2.0
88ad361993fffff,0.0,0.0,0.0,0.0
88ad361999fffff,0.0,0.0,0.0,0.0
88ad36199dfffff,2.0,2.0,2.0,2.0
88ad3619a5fffff,0.0,0.0,0.0,0.0
88ad3619a9fffff,0.0,0.0,0.0,0.0
88ad3619adfffff,0.0,0.0,0.0,0.0
88ad3619b3fffff,0.0,0.0,0.0,0.0
88ad3619c1fffff,7.0,7.0,7.0,7.0
88ad3619c3fffff,8.0,8.0,8.0,8.0
88ad3619c5fffff,10.0,10.0,11.0,11.0
88ad3619c7fffff,4.0,3.0,3.0,3.0
88ad3619c9fffff,5.0,5.0,5.0,5.0
88ad3619cbfffff,9.0,9.0,9.0,10.0
88ad3619cdfffff,10.0,10.0,10.0,10.0
88ad3619d1fffff,9.0,9.0,9.0,9.0
88ad3619d3fffff,4.0,4.0,5.0,5.0
88ad3619d5fffff,7.0,7.0,7.0,7.0
88ad3619d7fffff,7.0,7.0,7.0,7.0
88ad3619d9fffff,13.0,13.0,14.0,14.0
88ad3619dbfffff,8.0,8.0,8.0,8.0
88ad3619ddfffff,11.0,11.0,11.0,12.0
88ad3619e1fffff,0.0,0.0,0.0,0.0
88ad3619e3fffff,0.0,0.0,0.0,0.0
88ad3619e5fffff,0.0,0.0,0.0,0.0
88ad3619e9fffff,2.0,2.0,2.0,2.0
88ad3619ebfffff,3.0,3.0,3.0,3.0
88ad3619edfffff,0.0,0.0,0.0,0.0
88ad361a01fffff,7.0,7.0,7.0,7.0
88ad361a03fffff,10.0,10.0,11.0,11.0
88ad361a05fffff,0.0,0.0,0.0,0.0
88ad361a07fffff,5.0,6.0,6.0,6.0
88ad361a09fffff,5.0,5.0,5.0,5.0
88ad361a0bfffff,9.0,9.0,10.0,10.0
88ad361a0dfffff,7.0,7.0,7.0,7.0
88ad361a11fffff,11.0,12.0,12.0,12.0
88ad361a13fffff,7.0,7.0,7.0,8.0
88ad361a15fffff,7.0,7.0,7.0,7.0
88ad361a17fffff,8.0,8.0,9.0,9.0
88ad361a19fffff,8.0,8.0,8.0,8.0
88ad361a1bfffff,13.0,14.0,14.0,14.0
88ad361a1dfffff,11.0,11.0,12.0,12.0
88ad361a21fffff,10.0,10.0,10.0,10.0
88ad361a23fffff,11.0,11.0,11.0,12.0
88ad361a25fffff,9.0,9.0,9.0,9.0
88ad361a27fffff,11.0,11.0,11.0,11.0
88ad361a29fffff,2.0,2.0,2.0,2.0
88ad361a2bfffff,10.0,11.0,11.0,11.0
88ad361a2dfffff,2.0,2.0,2.0,2.0
88ad361a31fffff,4.0,4.0,4.0,4.0
88ad361a33fffff,10.0,10.0,10.0,10.0
88ad361a35fffff,1.0,1.0,1.0,1.0
88ad361a37fffff,9.0,9.0,9.0,10.0
88ad361a39fffff,3.0,3.0,3.0,3.0
88ad361a3bfffff,8.0,7.0,8.0,8.0
88ad361a3dfffff,4.0,4.0,5.0,5.0
88ad361a41fffff,8.0,8.0,8.0,8.0
88ad361a43fffff,7.0,7.0,8.0,8.0
88ad361a45fffff,5.0,5.0,5.0,5.0
88ad361a47fffff,7.0,7.0,7.0,7.0
88ad361a49fffff,11.0,11.0,12.0,12.0
88ad361a4bfffff,8.0,8.0,8.0,8.0
88ad361a4dfffff,11.0,11.0,11.0,11.0
88ad361a51fffff,15.0,15.0,15.0,14.0
88ad361a53fffff,1.0,1.0,1.0,1.0
88ad361a55fffff,9.0,9.0,9.0,9.0
88ad361a57fffff,10.0,10.0,10.0,10.0
88ad361a59fffff,13.0,13.0,13.0,14.0
88ad361a5bfffff,11.0,11.0,11.0,11.0
88ad361a5dfffff,9.0,8.0,8.0,8.0
88ad361a61fffff,0.0,0.0,0.0,0.0
88ad361a63fffff,0.0,1.0,1.0,1.0
88ad361a67fffff,0.0,0.0,0.0,0.0
88ad361a69fffff,0.0,0.0,0.0,0.0
88ad361a6bfffff,4.0,4.0,4.0,4.0
88ad361a81fffff,8.0,8.0,8.0,9.0
88ad361a83fffff,11.0,11.0,11.0,11.0
88ad361a85fffff,1.0,1.0,1.0,1.0
88ad361a87fffff,6.0,6.0,6.0,6.0
88ad361a89fffff,16.0,16.0,16.0,16.0
88ad361a8bfffff,11.0,12.0,12.0,12.0
88ad361a8dfffff,11.0,11.0,11.0,11.0
88ad361a91fffff,8.0,8.0,8.0,8.0
88ad361a93fffff,11.0,10.0,10.0,10.0
88ad361a95fffff,4.0,4.0,4.0,4.0
88ad361a97fffff,1.0,1.0,1.0,1.0
88ad361a99fffff,10.0,10.0,11.0,11.0
88ad361a9bfffff,9.0,9.0,9.0,10.0
88ad361a9dfffff,9.0,9.0,9.0,9.0
88ad361aa1fffff,5.0,5.0,5.0,5.0
88ad361aa3fffff,5.0,5.0,5.0,5.0
88ad361aa5fffff,8.0,8.0,9.0,9.0
88ad361aa7fffff,7.0,7.0,7.0,8.0
88ad361aa9fffff,7.0,7.0,7.0,8.0
88ad361aabfffff,4.0,4.0,4.0,4.0
88ad361aadfffff,11.0,11.0,11.0,11.0
88ad361ab1fffff,7.0,7.0,7.0,7.0
88ad361ab3fffff,5.0,5.0,5.0,5.0
88ad361ab5fffff,7.0,7.0,8.0,8.0
88ad361ab7fffff,4.0,4.0,4.0,4.0
88ad361ab9fffff,5.0,6.0,6.0,6.0
88ad361abbfffff,3.0,3.0,3.0,4.0
88ad361abdfffff,6.0,6.0,7.0,7.0
88ad361ac1fffff,9.0,9.0,9.0,9.0
88ad361ac3fffff,5.0,5.0,6.0,6.0
88ad361ac5fffff,6.0,6.0,6.0,6.0
88ad361ac7fffff,24.0,24.0,24.0,24.0
88ad361ac9fffff,9.0,9.0,9.0,9.0
88ad361acbfffff,0.0,0.0,0.0,0.0
88ad361acdfffff,12.0,12.0,13.0,13.0
88ad361ad1fffff,8.0,8.0,8.0,8.0
88ad361ad3fffff,18.0,19.0,19.0,19.0
88ad361ad5fffff,11.0,11.0,12.0,12.0
88ad361ad7fffff,7.0,7.0,7.0,7.0
88ad361ad9fffff,9.0,9.0,10.0,10.0
88ad361adbfffff,14.0,14.0,14.0,14.0
88ad361addfffff,1.0,1.0,1.0,1.0
88ad361ae1fffff,9.0,9.0,9.0,9.0
88ad361ae3fffff,18.0,19.0,19.0,19.0
88ad361ae5fffff,8.0,9.0,9.0,9.0
88ad361ae7fffff,7.0,7.0,7.0,7.0
88ad361ae9fffff,13.0,13.0,13.0,13.0
88ad361aebfffff,14.0,14.0,15.0,15.0
88ad361aedfffff,2.0,2.0,2.0,2.0
88ad361b01fffff,0.0,0.0,0.0,0.0
88ad361b03fffff,0.0,0.0,0.0,0.0
88ad361b07fffff,0.0,0.0,0.0,0.0
88ad361b09fffff,0.0,0.0,0.0,0.0
88ad361b0bfffff,1.0,1.0,1.0,1.0
88ad361b0dfffff,0.0,0.0,0.0,0.0
88ad361b11fffff,9.0,9.0,9.0,9.0
88ad361b13fffff,7.0,7.0,7.0,7.0
88ad361b15fffff,10.0,10.0,11.0,11.0
88ad361b17fffff,10.0,10.0,10.0,10.0
88ad361b19fffff,6.0,6.0,6.0,6.0
88ad361b1bfffff,9.0,10.0,10.0,10.0
88ad361b1dfffff,0.0,0.0,1.0,1.0
88ad361b31fffff,13.0,13.0,14.0,14.0
88ad361b33fffff,18.0,17.0,18.0,18.0
88ad361b35fffff,9.0,9.0,10.0,10.0
88ad361b37fffff,30.0,28.0,27.0,27.0
88ad361b39fffff,5.0,5.0,5.0,5.0
88ad361b3bfffff,27.0,27.0,28.0,28.0
88ad361b3dfffff,0.0,0.0,0.0,0.0
88ad361b51fffff,0.0,0.0,0.0,0.0
88ad361b53fffff,2.0,2.0,2.0,2.0
88ad361b57fffff,0.0,0.0,0.0,0.0
88ad361b5bfffff,0.0,0.0,0.0,0.0
88ad364291fffff,0.0,0.0,0.0,0.0
88ad364299fffff,0.0,0.0,0.0,0.0
88ad3646d5fffff,0.0,0.0,0.0,0.0
88ad364745fffff,0.0,0.0,0.0,0.0
88ad364769fffff,0.0,0.0,0.0,0.0
88ad36544bfffff,0.0,0.0,0.0,0.0
88ad365451fffff,0.0,0.0,0.0,0.0
88ad365483fffff,2.0,2.0,2.0,2.0
88ad36548bfffff,2.0,2.0,2.0,2.0
88ad365491fffff,0.0,0.0,0.0,0.0
88ad365499fffff,0.0,0.0,0.0,0.0
88ad36549dfffff,1.0,2.0,2.0,2.0
88ad3654b1fffff,0.0,0.0,0.0,0.0
88ad3654b3fffff,3.0,3.0,3.0,3.0
88ad3654bbfffff,1.0,1.0,1.0,1.0
88ad3654d7fffff,1.0,1.0,1.0,1.0
88ad36560bfffff,0.0,0.0,0.0,0.0
88ad365657fffff,0.0,0.0,0.0,0.0
88ad36565dfffff,0.0,0.0,0.0,0.0
88ad365681fffff,0.0,0.0,0.0,0.0
88ad36568bfffff,7.0,7.0,7.0,7.0
88ad365699fffff,0.0,0.0,0.0,0.0
88ad36569bfffff,0.0,0.0,0.0,0.0
88ad36569dfffff,0.0,0.0,0.0,0.0
88ad3656a7fffff,0.0,0.0,0.0,0.0
88ad3656bbfffff,0.0,0.0,0.0,0.0
88ad3656c1fffff,0.0,0.0,0.0,0.0
88ad3656d1fffff,2.0,2.0,2.0,3.0
88ad3656d3fffff,0.0,0.0,0.0,0.0
88ad3656d5fffff,25.0,24.0,24.0,23.0
88ad3656d7fffff,10.0,10.0,10.0,10.0
88ad3656dbfffff,1.0,1.0,1.0,2.0
88ad3656ddfffff,8.0,8.0,8.0,8.0
88ad36620dfffff,1.0,1.0,1.0,1.0
88ad366229fffff,0.0,0.0,0.0,0.0
88ad366245fffff,1.0,1.0,1.0,1.0
88ad366247fffff,7.0,8.0,8.0,8.0
88ad366261fffff,1.0,1.0,1.0,1.0
88ad366265fffff,1.0,1.0,1.0,1.0
88ad366269fffff,6.0,5.0,5.0,5.0
88ad36626bfffff,9.0,9.0,10.0,10.0
88ad367001fffff,0.0,0.0,0.0,0.0
88ad367003fffff,0.0,0.0,0.0,0.0
88ad367005fffff,0.0,0.0,0.0,0.0
88ad367007fffff,0.0,0.0,0.0,0.0
88ad367009fffff,0.0,0.0,0.0,0.0
88ad36700bfffff,0.0,0.0,0.0,0.0
88ad36700dfffff,0.0,0.0,0.0,0.0
88ad367011fffff,9.0,9.0,9.0,9.0
88ad367013fffff,8.0,8.0,8.0,8.0
88ad367015fffff,6.0,6.0,6.0,6.0
88ad367017fffff,18.0,18.0,19.0,19.0
88ad367019fffff,1.0,1.0,1.0,1.0
88ad36701bfffff,1.0,1.0,1.0,1.0
88ad36701dfffff,12.0,12.0,12.0,12.0
88ad367025fffff,0.0,0.0,0.0,0.0
88ad367029fffff,0.0,0.0,0.0,0.0
88ad36702bfffff,0.0,0.0,0.0,0.0
88ad367031fffff,2.0,2.0,2.0,2.0
88ad367033fffff,16.0,15.0,14.0,14.0
88ad367037fffff,1.0,1.0,1.0,1.0
88ad367039fffff,0.0,0.0,0.0,0.0
88ad36703bfffff,18.0,18.0,19.0,19.0
88ad36703dfffff,0.0,0.0,0.0,0.0
88ad367041fffff,0.0,0.0,0.0,0.0
88ad367043fffff,0.0,0.0,0.0,0.0
88ad367045fffff,0.0,0.0,0.0,0.0
88ad367047fffff,0.0,0.0,0.0,0.0
88ad367049fffff,0.0,0.0,0.0,0.0
88ad36704bfffff,0.0,0.0,0.0,0.0
88ad367055fffff,0.0,0.0,0.0,0.0
88ad367057fffff,0.0,0.0,0.0,0.0
88ad367059fffff,1.0,1.0,1.0,1.0
88ad36705dfffff,0.0,0.0,0.0,0.0
88ad367061fffff,0.0,0.0,0.0,0.0
88ad367063fffff,0.0,0.0,0.0,0.0
88ad367067fffff,0.0,0.0,0.0,0.0
88ad367069fffff,0.0,0.0,0.0,0.0
88ad3670a1fffff,0.0,0.0,0.0,0.0
88ad3670a5fffff,5.0,5.0,5.0,5.0
88ad3670adfffff,13.0,13.0,13.0,13.0
88ad3670b1fffff,0.0,0.0,0.0,0.0
88ad3670c1fffff,0.0,0.0,0.0,0.0
88ad3670c5fffff,5.0,5.0,5.0,5.0
88ad3670c9fffff,0.0,0.0,0.0,0.0
88ad3670cdfffff,2.0,2.0,2.0,2.0
88ad3670e1fffff,27.0,28.0,28.0,28.0
88ad3670e3fffff,0.0,0.0,0.0,0.0
88ad3670e5fffff,18.0,19.0,19.0,19.0
88ad3670e7fffff,66.0,65.0,65.0,64.0
88ad3670e9fffff,28.0,27.0,27.0,26.0
88ad3670ebfffff,7.0,7.0,8.0,8.0
88ad3670edfffff,24.0,24.0,25.0,25.0
88ad36711bfffff,0.0,0.0,0.0,0.0
88ad367149fffff,0.0,0.0,0.0,0.0
88ad36714bfffff,0.0,0.0,0.0,0.0
88ad367151fffff,0.0,0.0,0.0,0.0
88ad367181fffff,0.0,0.0,0.0,0.0
88ad367185fffff,0.0,0.0,0.0,0.0
88ad367189fffff,4.0,4.0,4.0,5.0
88ad36718bfffff,0.0,0.0,0.0,0.0
88ad36718dfffff,1.0,1.0,1.0,1.0
88ad367193fffff,0.0,0.0,0.0,0.0
88ad36719bfffff,0.0,0.0,0.0,0.0
88ad3671c3fffff,1.0,1.0,1.0,1.0
88ad3671c7fffff,1.0,1.0,1.0,1.0
88ad3671d1fffff,3.0,3.0,4.0,4.0
88ad3671d3fffff,7.0,8.0,8.0,8.0
88ad3671d5fffff,0.0,0.0,0.0,0.0
88ad3671d9fffff,10.0,10.0,10.0,10.0
88ad3671dbfffff,36.0,34.0,34.0,34.0
88ad367207fffff,0.0,0.0,0.0,0.0
88ad36720bfffff,0.0,0.0,0.0,0.0
88ad367211fffff,0.0,0.0,0.0,0.0
88ad367223fffff,0.0,0.0,0.0,0.0
88ad367227fffff,0.0,0.0,0.0,0.0
88ad36722bfffff,0.0,0.0,0.0,0.0
88ad367231fffff,0.0,0.0,0.0,0.0
88ad367233fffff,0.0,0.0,0.0,0.0
88ad367235fffff,0.0,0.0,0.0,0.0
88ad367237fffff,0.0,0.0,0.0,0.0
88ad367239fffff,0.0,0.0,0.0,0.0
88ad36723bfffff,0.0,0.0,0.0,0.0
88ad36723dfffff,0.0,0.0,0.0,0.0
88ad367259fffff,0.0,0.0,0.0,0.0
88ad367281fffff,0.0,0.0,0.0,0.0
88ad367283fffff,0.0,0.0,0.0,0.0
88ad367285fffff,0.0,0.0,0.0,0.0
88ad367287fffff,0.0,0.0,0.0,0.0
88ad367289fffff,0.0,0.0,0.0,0.0
88ad36729bfffff,0.0,0.0,0.0,0.0
88ad3672a1fffff,1.0,1.0,1.0,1.0
88ad3672a3fffff,1.0,2.0,2.0,2.0
88ad3672a5fffff,0.0,0.0,0.0,0.0
88ad3672a7fffff,3.0,3.0,3.0,3.0
88ad3672abfffff,0.0,0.0,0.0,0.0
88ad3672b5fffff,0.0,0.0,0.0,0.0
88ad3672b9fffff,0.0,0.0,0.0,0.0
88ad3672bbfffff,1.0,1.0,1.0,1.0
88ad3672bdfffff,0.0,0.0,0.0,0.0
88ad3672c3fffff,0.0,0.0,0.0,0.0
88ad3672c5fffff,0.0,0.0,0.0,0.0
88ad3672c9fffff,0.0,0.0,0.0,0.0
88ad3672cdfffff,0.0,0.0,0.0,0.0
88ad3672d3fffff,0.0,0.0,0.0,0.0
88ad3672e1fffff,0.0,0.0,0.0,0.0
88ad3672e3fffff,0.0,0.0,0.0,0.0
88ad3672ebfffff,0.0,0.0,0.0,0.0
88ad367307fffff,0.0,0.0,0.0,0.0
88ad367315fffff,0.0,0.0,0.0,0.0
88ad367321fffff,0.0,0.0,0.0,0.0
88ad367323fffff,0.0,0.0,0.0,0.0
88ad367327fffff,0.0,0.0,0.0,0.0
88ad36732bfffff,0.0,0.0,0.0,0.0
88ad367333fffff,0.0,0.0,0.0,0.0
88ad367335fffff,0.0,0.0,0.0,0.0
88ad367337fffff,0.0,0.0,0.0,0.0
88ad36733bfffff,0.0,0.0,0.0,0.0
88ad36733dfffff,0.0,0.0,0.0,0.0
88ad367357fffff,0.0,0.0,0.0,0.0
88ad36746dfffff,0.0,0.0,0.0,0.0
88ad367535fffff,0.0,0.0,0.0,0.0
88ad367733fffff,0.0,0.0,0.0,0.0
88ad367769fffff,0.0,0.0,0.0,0.0
88ad36776dfffff,0.0,0.0,0.0,0.0
88ad368091fffff,0.0,0.0,0.0,0.0
88ad368093fffff,0.0,0.0,0.0,0.0
88ad368099fffff,3.0,3.0,3.0,3.0
88ad36809bfffff,6.0,6.0,6.0,6.0
88ad3680d1fffff,7.0,7.0,7.0,7.0
88ad3680d3fffff,4.0,4.0,4.0,4.0
88ad3680d7fffff,1.0,1.0,1.0,1.0
88ad3680d9fffff,0.0,0.0,0.0,0.0
88ad3680dbfffff,0.0,0.0,0.0,0.0
88ad368291fffff,0.0,0.0,0.0,0.0
88ad368295fffff,0.0,0.0,0.0,0.0
88ad368297fffff,0.0,0.0,0.0,0.0
88ad368299fffff,0.0,0.0,0.0,0.0
88ad36829bfffff,0.0,0.0,0.0,0.0
88ad3682b1fffff,0.0,0.0,0.0,0.0
88ad3682b3fffff,0.0,0.0,0.0,0.0
88ad3682b9fffff,0.0,0.0,0.0,0.0
88ad3682d3fffff,0.0,0.0,0.0,0.0
88ad3682d7fffff,0.0,0.0,0.0,0.0
88ad3682dbfffff,0.0,0.0,0.0,0.0
88ad368405fffff,0.0,0.0,0.0,0.0
88ad368423fffff,0.0,0.0,0.0,0.0
88ad368429fffff,0.0,0.0,0.0,0.0
88ad36842bfffff,2.0,2.0,2.0,2.0
88ad368431fffff,0.0,0.0,0.0,0.0
88ad368435fffff,0.0,0.0,0.0,0.0
88ad368437fffff,0.0,0.0,0.0,0.0
88ad368461fffff,4.0,4.0,4.0,4.0
88ad368463fffff,12.0,12.0,12.0,12.0
88ad368503fffff,0.0,0.0,0.0,0.0
88ad368505fffff,0.0,0.0,0.0,0.0
88ad368507fffff,1.0,1.0,1.0,1.0
88ad368509fffff,0.0,0.0,0.0,0.0
88ad36850bfffff,0.0,0.0,0.0,0.0
88ad36850dfffff,0.0,0.0,0.0,0.0
88ad368519fffff,0.0,0.0,0.0,0.0
88ad36851dfffff,0.0,0.0,0.0,0.0
88ad368521fffff,6.0,6.0,6.0,6.0
88ad368523fffff,0.0,0.0,0.0,0.0
88ad368525fffff,2.0,2.0,2.0,2.0
88ad368527fffff,4.0,4.0,4.0,4.0
88ad368529fffff,5.0,5.0,5.0,5.0
88ad36852bfffff,5.0,5.0,6.0,6.0
88ad36852dfffff,1.0,1.0,1.0,1.0
88ad368531fffff,1.0,1.0,1.0,1.0
88ad368539fffff,2.0,2.0,2.0,2.0
88ad36853bfffff,0.0,0.0,0.0,0.0
88ad36853dfffff,4.0,4.0,4.0,4.0
88ad368541fffff,2.0,2.0,2.0,2.0
88ad368543fffff,0.0,0.0,0.0,0.0
88ad368545fffff,0.0,0.0,0.0,0.0
88ad368547fffff,3.0,3.0,3.0,3.0
88ad368549fffff,3.0,3.0,3.0,3.0
88ad36854bfffff,0.0,0.0,0.0,0.0
88ad36854dfffff,6.0,6.0,6.0,6.0
88ad368551fffff,0.0,0.0,0.0,0.0
88ad368555fffff,0.0,0.0,0.0,0.0
88ad368559fffff,0.0,0.0,0.0,0.0
88ad36855bfffff,0.0,0.0,0.0,0.0
88ad36855dfffff,0.0,0.0,0.0,0.0
88ad368563fffff,3.0,3.0,3.0,3.0
88ad368581fffff,36.0,35.0,35.0,35.0
88ad368583fffff,2.0,2.0,2.0,2.0
88ad368585fffff,6.0,6.0,6.0,6.0
88ad368589fffff,19.0,19.0,20.0,20.0
88ad36858bfffff,0.0,0.0,0.0,0.0
88ad36858dfffff,19.0,18.0,18.0,18.0
88ad368591fffff,6.0,6.0,6.0,6.0
88ad368595fffff,7.0,7.0,7.0,7.0
88ad368599fffff,1.0,1.0,2.0,2.0
88ad36859bfffff,0.0,0.0,0.0,0.0
88ad36859dfffff,5.0,5.0,6.0,6.0
88ad3685a1fffff,0.0,0.0,0.0,0.0
88ad3685a5fffff,1.0,1.0,1.0,1.0
88ad3685a9fffff,2.0,2.0,2.0,2.0
88ad3685adfffff,27.0,28.0,28.0,28.0
88ad3685b1fffff,0.0,0.0,0.0,0.0
88ad3685b9fffff,2.0,2.0,2.0,2.0
88ad3685c3fffff,0.0,0.0,0.0,0.0
88ad3685c7fffff,7.0,7.0,7.0,7.0
88ad3685d3fffff,0.0,0.0,0.0,0.0
88ad3685d5fffff,0.0,0.0,0.0,0.0
88ad3685ddfffff,0.0,0.0,0.0,0.0
88ad3685e5fffff,0.0,1.0,1.0,1.0
88ad3685e7fffff,2.0,2.0,2.0,2.0
88ad36862dfffff,0.0,0.0,0.0,0.0
88ad368665fffff,0.0,0.0,0.0,0.0
88ad36866dfffff,0.0,0.0,0.0,0.0
88ad368703fffff,0.0,0.0,0.0,0.0
88ad368709fffff,0.0,0.0,0.0,0.0
88ad36870dfffff,0.0,0.0,0.0,0.0
88ad368711fffff,0.0,0.0,0.0,0.0
88ad368713fffff,0.0,0.0,0.0,0.0
88ad368715fffff,0.0,0.0,0.0,0.0
88ad36871dfffff,0.0,0.0,0.0,0.0
88ad368721fffff,0.0,0.0,0.0,0.0
88ad368723fffff,0.0,0.0,0.0,0.0
88ad368725fffff,0.0,0.0,0.0,0.0
88ad368727fffff,0.0,0.0,0.0,0.0
88ad368729fffff,0.0,0.0,0.0,0.0
88ad36872bfffff,0.0,0.0,0.0,0.0
88ad36872dfffff,0.0,0.0,0.0,0.0
88ad368731fffff,0.0,0.0,0.0,0.0
88ad368733fffff,0.0,0.0,0.0,0.0
88ad368737fffff,1.0,1.0,1.0,1.0
88ad368739fffff,0.0,0.0,0.0,0.0
88ad36873bfffff,0.0,0.0,0.0,0.0
88ad36873dfffff,0.0,0.0,0.0,0.0
88ad368741fffff,0.0,0.0,0.0,0.0
88ad368743fffff,0.0,0.0,0.0,0.0
88ad368747fffff,0.0,0.0,0.0,0.0
88ad368749fffff,0.0,0.0,0.0,0.0
88ad36874bfffff,0.0,0.0,0.0,0.0
88ad36874dfffff,0.0,0.0,0.0,0.0
88ad368755fffff,0.0,0.0,0.0,0.0
88ad368757fffff,0.0,0.0,0.0,0.0
88ad368759fffff,0.0,0.0,0.0,0.0
88ad36875bfffff,0.0,0.0,0.0,0.0
88ad36875dfffff,0.0,0.0,0.0,0.0
88ad368767fffff,0.0,0.0,0.0,0.0
88ad36876bfffff,0.0,0.0,0.0,0.0
88ad368881fffff,0.0,0.0,0.0,0.0
88ad368883fffff,0.0,0.0,0.0,0.0
88ad368885fffff,1.0,1.0,1.0,2.0
88ad368887fffff,14.0,14.0,14.0,14.0
88ad368891fffff,2.0,2.0,2.0,2.0
88ad368893fffff,14.0,14.0,14.0,14.0
88ad368895fffff,14.0,14.0,14.0,14.0
88ad368897fffff,23.0,24.0,25.0,24.0
88ad368899fffff,0.0,0.0,0.0,0.0
88ad36889bfffff,0.0,0.0,0.0,0.0
88ad3688a1fffff,11.0,11.0,11.0,11.0
88ad3688a3fffff,2.0,2.0,2.0,2.0
88ad3688a5fffff,22.0,22.0,23.0,23.0
88ad3688a7fffff,19.0,19.0,20.0,20.0
88ad3688abfffff,13.0,13.0,14.0,14.0
88ad3688adfffff,7.0,7.0,7.0,7.0
88ad3688b1fffff,2.0,2.0,2.0,2.0
88ad3688b3fffff,0.0,0.0,0.0,0.0
88ad3688b5fffff,0.0,0.0,0.0,0.0
88ad3688b7fffff,0.0,0.0,0.0,0.0
88ad3688b9fffff,11.0,11.0,11.0,11.0
88ad3688bbfffff,17.0,18.0,18.0,18.0
88ad3688bdfffff,9.0,9.0,9.0,9.0
88ad368923fffff,0.0,0.0,0.0,0.0
88ad368925fffff,0.0,0.0,0.0,0.0
88ad368927fffff,0.0,0.0,0.0,0.0
88ad368931fffff,15.0,15.0,15.0,16.0
88ad368933fffff,15.0,15.0,16.0,16.0
88ad368935fffff,10.0,10.0,11.0,11.0
88ad368937fffff,13.0,13.0,13.0,13.0
88ad368939fffff,0.0,0.0,0.0,0.0
88ad36893bfffff,19.0,19.0,20.0,20.0
88ad36893dfffff,4.0,4.0,4.0,4.0
88ad368981fffff,12.0,11.0,12.0,12.0
88ad368983fffff,28.0,27.0,27.0,27.0
88ad368985fffff,68.0,68.0,68.0,67.0
88ad368987fffff,13.0,12.0,12.0,12.0
88ad368989fffff,43.0,43.0,43.0,42.0
88ad36898bfffff,26.0,26.0,27.0,27.0
88ad36898dfffff,14.0,14.0,14.0,14.0
88ad368991fffff,15.0,15.0,15.0,15.0
88ad368993fffff,23.0,24.0,24.0,24.0
88ad368995fffff,34.0,32.0,32.0,32.0
88ad368997fffff,18.0,18.0,18.0,18.0
88ad368999fffff,17.0,18.0,18.0,18.0
88ad36899bfffff,14.0,15.0,15.0,15.0
88ad36899dfffff,31.0,32.0,32.0,32.0
88ad3689a1fffff,14.0,13.0,14.0,14.0
88ad3689a3fffff,0.0,0.0,0.0,0.0
88ad3689a5fffff,11.0,11.0,11.0,11.0
88ad3689a7fffff,14.0,13.0,13.0,13.0
88ad3689a9fffff,13.0,12.0,12.0,12.0
88ad3689adfffff,13.0,13.0,13.0,14.0
88ad3689b1fffff,27.0,27.0,28.0,28.0
88ad3689b3fffff,24.0,23.0,23.0,23.0
88ad3689b5fffff,0.0,0.0,0.0,0.0
88ad3689b7fffff,17.0,17.0,18.0,18.0
88ad3689b9fffff,26.0,25.0,26.0,25.0
88ad3689bbfffff,27.0,27.0,27.0,27.0
88ad3689bdfffff,0.0,0.0,0.0,0.0
88ad3689c1fffff,0.0,0.0,0.0,0.0
88ad3689c3fffff,0.0,0.0,0.0,0.0
88ad3689c7fffff,13.0,13.0,13.0,13.0
88ad3689d1fffff,18.0,18.0,18.0,18.0
88ad3689d3fffff,12.0,12.0,12.0,12.0
88ad3689d5fffff,28.0,27.0,27.0,26.0
88ad3689d7fffff,28.0,27.0,27.0,27.0
88ad3689dbfffff,2.0,2.0,2.0,2.0
88ad3689e1fffff,22.0,21.0,21.0,21.0
88ad3689e3fffff,15.0,14.0,15.0,15.0
88ad3689e5fffff,11.0,11.0,11.0,11.0
88ad3689e7fffff,21.0,21.0,22.0,22.0
88ad3689e9fffff,10.0,10.0,10.0,11.0
88ad3689ebfffff,1.0,1.0,1.0,1.0
88ad3689edfffff,14.0,14.0,14.0,14.0
88ad368c01fffff,3.0,3.0,3.0,3.0
88ad368c03fffff,6.0,6.0,6.0,7.0
88ad368c05fffff,7.0,7.0,7.0,8.0
88ad368c07fffff,9.0,9.0,9.0,9.0
88ad368c09fffff,8.0,8.0,9.0,9.0
88ad368c0bfffff,10.0,10.0,10.0,10.0
88ad368c0dfffff,3.0,3.0,4.0,4.0
88ad368c11fffff,3.0,4.0,4.0,4.0
88ad368c13fffff,2.0,2.0,2.0,2.0
88ad368c15fffff,4.0,4.0,4.0,4.0
88ad368c17fffff,17.0,16.0,16.0,16.0
88ad368c1bfffff,0.0,0.0,0.0,0.0
88ad368c1dfffff,1.0,1.0,1.0,2.0
88ad368c21fffff,24.0,24.0,25.0,25.0
88ad368c23fffff,17.0,17.0,18.0,18.0
88ad368c25fffff,44.0,44.0,44.0,44.0
88ad368c27fffff,20.0,20.0,21.0,21.0
88ad368c29fffff,21.0,22.0,22.0,22.0
88ad368c2bfffff,17.0,18.0,18.0,18.0
88ad368c2dfffff,33.0,33.0,34.0,34.0
88ad368c31fffff,9.0,9.0,10.0,10.0
88ad368c33fffff,9.0,9.0,10.0,10.0
88ad368c35fffff,12.0,12.0,12.0,12.0
88ad368c37fffff,4.0,4.0,4.0,4.0
88ad368c39fffff,10.0,11.0,11.0,11.0
88ad368c3bfffff,3.0,3.0,3.0,3.0
88ad368c3dfffff,6.0,6.0,6.0,6.0
88ad368c41fffff,9.0,9.0,9.0,10.0
88ad368c43fffff,10.0,9.0,9.0,9.0
88ad368c45fffff,4.0,4.0,4.0,4.0
88ad368c47fffff,9.0,9.0,9.0,9.0
88ad368c4bfffff,5.0,5.0,5.0,5.0
88ad368c53fffff,0.0,0.0,0.0,0.0
88ad368c61fffff,8.0,8.0,9.0,9.0
88ad368c63fffff,12.0,13.0,13.0,13.0
88ad368c67fffff,37.0,36.0,36.0,35.0
88ad368c69fffff,4.0,4.0,4.0,4.0
88ad368c6bfffff,10.0,10.0,10.0,11.0
88ad368c85fffff,0.0,0.0,0.0,0.0
88ad368c89fffff,0.0,0.0,0.0,0.0
88ad368c93fffff,0.0,0.0,0.0,0.0
88ad368c97fffff,0.0,0.0,0.0,0.0
88ad368ca1fffff,0.0,0.0,0.0,0.0
88ad368ca3fffff,0.0,0.0,0.0,0.0
88ad368ca5fffff,1.0,1.0,1.0,1.0
88ad368ca7fffff,0.0,0.0,0.0,0.0
88ad368ca9fffff,0.0,0.0,0.0,0.0
88ad368cadfffff,0.0,0.0,0.0,0.0
88ad368cb1fffff,0.0,0.0,0.0,0.0
88ad368cb3fffff,0.0,0.0,0.0,0.0
88ad368cb7fffff,0.0,0.0,0.0,0.0
88ad368cbbfffff,0.0,0.0,0.0,0.0
88ad368cc5fffff,0.0,0.0,0.0,0.0
88ad368cc7fffff,1.0,1.0,1.0,1.0
88ad368ccdfffff,0.0,0.0,0.0,0.0
88ad368ce1fffff,2.0,2.0,2.0,2.0
88ad368ce5fffff,5.0,5.0,6.0,6.0
88ad368ce7fffff,0.0,0.0,0.0,0.0
88ad368ce9fffff,1.0,1.0,1.0,1.0
88ad368cebfffff,3.0,4.0,4.0,4.0
88ad368cedfffff,5.0,6.0,6.0,6.0
88ad368d01fffff,14.0,14.0,14.0,14.0
88ad368d03fffff,9.0,10.0,10.0,10.0
88ad368d05fffff,20.0,20.0,21.0,21.0
88ad368d07fffff,9.0,9.0,10.0,10.0
88ad368d09fffff,7.0,7.0,7.0,7.0
88ad368d0bfffff,2.0,2.0,2.0,2.0
88ad368d0dfffff,24.0,24.0,25.0,25.0
88ad368d11fffff,19.0,19.0,19.0,19.0
88ad368d13fffff,8.0,8.0,9.0,9.0
88ad368d15fffff,27.0,27.0,28.0,28.0
88ad368d17fffff,18.0,18.0,19.0,19.0
88ad368d19fffff,0.0,0.0,0.0,0.0
88ad368d1bfffff,16.0,16.0,16.0,16.0
88ad368d1dfffff,7.0,8.0,8.0,8.0
88ad368d21fffff,7.0,7.0,7.0,7.0
88ad368d23fffff,27.0,27.0,27.0,27.0
88ad368d25fffff,4.0,4.0,4.0,4.0
88ad368d27fffff,5.0,5.0,5.0,5.0
88ad368d29fffff,3.0,3.0,3.0,3.0
88ad368d2bfffff,26.0,26.0,27.0,26.0
88ad368d2dfffff,3.0,3.0,3.0,3.0
88ad368d31fffff,27.0,28.0,28.0,28.0
88ad368d33fffff,36.0,37.0,37.0,37.0
88ad368d35fffff,27.0,27.0,28.0,28.0
88ad368d37fffff,13.0,13.0,13.0,13.0
88ad368d39fffff,20.0,21.0,21.0,21.0
88ad368d3bfffff,23.0,24.0,25.0,25.0
88ad368d3dfffff,17.0,18.0,18.0,18.0
88ad368d43fffff,0.0,0.0,0.0,0.0
88ad368d45fffff,0.0,1.0,1.0,1.0
88ad368d47fffff,11.0,11.0,11.0,11.0
88ad368d49fffff,0.0,0.0,0.0,0.0
88ad368d4dfffff,4.0,4.0,4.0,4.0
88ad368d53fffff,8.0,8.0,8.0,8.0
88ad368d55fffff,0.0,0.0,0.0,0.0
88ad368d57fffff,2.0,2.0,2.0,3.0
88ad368d59fffff,0.0,0.0,0.0,0.0
88ad368d5bfffff,9.0,9.0,9.0,9.0
88ad368d5dfffff,0.0,0.0,0.0,0.0
88ad368d61fffff,0.0,0.0,0.0,0.0
88ad368d63fffff,0.0,0.0,0.0,0.0
88ad368d65fffff,0.0,0.0,0.0,0.0
88ad368d67fffff,1.0,1.0,1.0,1.0
88ad368d69fffff,7.0,7.0,8.0,8.0
88ad368d6bfffff,0.0,0.0,0.0,0.0
88ad368d6dfffff,0.0,0.0,0.0,0.0
88ad368d81fffff,7.0,7.0,7.0,7.0
88ad368d83fffff,8.0,8.0,8.0,8.0
88ad368d85fffff,14.0,14.0,14.0,14.0
88ad368d87fffff,10.0,9.0,9.0,9.0
88ad368d89fffff,10.0,10.0,10.0,11.0
88ad368d8bfffff,10.0,11.0,11.0,11.0
88ad368d8dfffff,12.0,12.0,13.0,13.0
88ad368d91fffff,4.0,4.0,4.0,4.0
88ad368d93fffff,4.0,5.0,5.0,5.0
88ad368d95fffff,5.0,5.0,5.0,6.0
88ad368d97fffff,5.0,5.0,5.0,5.0
88ad368d99fffff,4.0,4.0,4.0,4.0
88ad368d9bfffff,0.0,0.0,0.0,0.0
88ad368d9dfffff,3.0,3.0,3.0,3.0
88ad368da1fffff,20.0,19.0,19.0,19.0
88ad368da3fffff,18.0,17.0,17.0,17.0
88ad368da5fffff,9.0,9.0,10.0,10.0
88ad368da7fffff,26.0,27.0,27.0,27.0
88ad368da9fffff,19.0,18.0,18.0,17.0
88ad368dabfffff,20.0,20.0,20.0,20.0
88ad368dadfffff,15.0,14.0,14.0,14.0
88ad368db1fffff,7.0,7.0,8.0,8.0
88ad368db3fffff,3.0,3.0,3.0,3.0
88ad368db5fffff,1.0,1.0,1.0,1.0
88ad368db7fffff,1.0,1.0,1.0,1.0
88ad368db9fffff,4.0,4.0,4.0,4.0
88ad368dbbfffff,6.0,6.0,6.0,6.0
88ad368dbdfffff,4.0,4.0,4.0,4.0
88ad368dc1fffff,14.0,14.0,14.0,15.0
88ad368dc3fffff,11.0,12.0,12.0,12.0
88ad368dc5fffff,6.0,6.0,6.0,6.0
88ad368dc7fffff,12.0,12.0,13.0,13.0
88ad368dc9fffff,27.0,27.0,28.0,28.0
88ad368dcbfffff,11.0,11.0,12.0,12.0
88ad368dcdfffff,11.0,11.0,12.0,12.0
88ad368dd1fffff,4.0,4.0,5.0,5.0
88ad368dd3fffff,5.0,5.0,5.0,5.0
88ad368dd5fffff,8.0,9.0,9.0,9.0
88ad368dd7fffff,5.0,5.0,5.0,5.0
88ad368dd9fffff,4.0,4.0,5.0,5.0
88ad368ddbfffff,0.0,0.0,0.0,0.0
88ad368dddfffff,9.0,9.0,9.0,9.0
88ad368de1fffff,16.0,16.0,16.0,17.0
88ad368de3fffff,13.0,12.0,12.0,12.0
88ad368de5fffff,22.0,21.0,21.0,21.0
88ad368de7fffff,15.0,13.0,13.0,13.0
88ad368de9fffff,8.0,8.0,8.0,8.0
88ad368debfffff,8.0,8.0,9.0,9.0
88ad368dedfffff,49.0,48.0,48.0,48.0
88ad368e13fffff,8.0,8.0,8.0,8.0
88ad368e15fffff,0.0,0.0,0.0,0.0
88ad368e17fffff,5.0,5.0,5.0,5.0
88ad368e1bfffff,6.0,6.0,6.0,6.0
88ad368e31fffff,3.0,3.0,3.0,3.0
88ad368e33fffff,2.0,2.0,2.0,2.0
88ad368e35fffff,0.0,0.0,0.0,0.0
88ad368e37fffff,3.0,3.0,3.0,3.0
88ad368e3bfffff,5.0,6.0,6.0,6.0
88ad368e83fffff,0.0,0.0,0.0,0.0
88ad368e87fffff,0.0,0.0,0.0,0.0
88ad368e89fffff,0.0,0.0,0.0,0.0
88ad368e8bfffff,2.0,2.0,3.0,3.0
88ad368e91fffff,1.0,1.0,1.0,1.0
88ad368e93fffff,0.0,0.0,0.0,0.0
88ad368e95fffff,4.0,4.0,4.0,5.0
88ad368e97fffff,4.0,4.0,4.0,4.0
88ad368e99fffff,2.0,2.0,2.0,2.0
88ad368e9bfffff,0.0,0.0,0.0,0.0
88ad368e9dfffff,3.0,3.0,3.0,3.0
88ad368eb1fffff,0.0,0.0,0.0,0.0
88ad368eb3fffff,0.0,0.0,0.0,0.0
88ad368eb7fffff,0.0,0.0,0.0,0.0
88ad368eb9fffff,3.0,3.0,3.0,3.0
88ad368ebbfffff,6.0,6.0,6.0,6.0
88ad368ebdfffff,0.0,0.0,0.0,0.0
88ad368ec1fffff,17.0,17.0,17.0,18.0
88ad368ec3fffff,16.0,16.0,16.0,16.0
88ad368ec5fffff,13.0,12.0,12.0,12.0
88ad368ec7fffff,7.0,7.0,7.0,7.0
88ad368ec9fffff,2.0,2.0,2.0,2.0
88ad368ecbfffff,1.0,1.0,1.0,2.0
88ad368ecdfffff,29.0,27.0,27.0,26.0
88ad368ed1fffff,8.0,9.0,9.0,9.0
88ad368ed3fffff,11.0,10.0,10.0,10.0
88ad368ed5fffff,8.0,8.0,9.0,9.0
88ad368ed7fffff,8.0,8.0,8.0,8.0
88ad368ed9fffff,2.0,2.0,2.0,2.0
88ad368edbfffff,8.0,9.0,9.0,9.0
88ad368eddfffff,1.0,1.0,1.0,1.0
88ad368ee1fffff,0.0,0.0,0.0,0.0
88ad368ee3fffff,0.0,0.0,0.0,0.0
88ad368ee9fffff,5.0,5.0,5.0,5.0
88ad368eebfffff,0.0,0.0,0.0,0.0
88ad368f23fffff,0.0,0.0,0.0,0.0
88ad368f27fffff,3.0,3.0,3.0,3.0
88ad368f3bfffff,0.0,0.0,0.0,0.0
88ad369421fffff,0.0,0.0,0.0,0.0
88ad369423fffff,0.0,0.0,0.0,0.0
88ad369427fffff,0.0,0.0,0.0,0.0
88ad36942dfffff,0.0,0.0,0.0,0.0
88ad369431fffff,0.0,0.0,0.0,0.0
88ad369435fffff,0.0,0.0,0.0,0.0
88ad369437fffff,0.0,0.0,0.0,0.0
88ad369439fffff,0.0,0.0,0.0,0.0
88ad36943dfffff,0.0,0.0,0.0,0.0
88ad3694e5fffff,0.0,0.0,0.0,0.0
88ad369513fffff,0.0,0.0,0.0,0.0
88ad369517fffff,0.0,0.0,0.0,0.0
88ad369581fffff,0.0,0.0,0.0,0.0
88ad369583fffff,0.0,0.0,0.0,0.0
88ad369585fffff,0.0,0.0,0.0,0.0
88ad369587fffff,0.0,0.0,0.0,0.0
88ad369589fffff,0.0,0.0,0.0,0.0
88ad36958bfffff,0.0,0.0,0.0,0.0
88ad36958dfffff,0.0,0.0,0.0,0.0
88ad369591fffff,0.0,0.0,0.0,0.0
88ad369593fffff,0.0,0.0,0.0,0.0
88ad369595fffff,0.0,0.0,0.0,0.0
88ad369597fffff,0.0,0.0,0.0,0.0
88ad369599fffff,0.0,0.0,0.0,0.0
88ad36959bfffff,0.0,0.0,0.0,0.0
88ad36959dfffff,0.0,0.0,0.0,0.0
88ad3695a1fffff,0.0,0.0,0.0,0.0
88ad3695a3fffff,0.0,0.0,0.0,0.0
88ad3695a5fffff,0.0,0.0,0.0,0.0
88ad3695a7fffff,0.0,0.0,0.0,0.0
88ad3695a9fffff,0.0,0.0,0.0,0.0
88ad3695abfffff,0.0,0.0,0.0,0.0
88ad3695adfffff,0.0,0.0,0.0,0.0
88ad3695b1fffff,0.0,0.0,0.0,0.0
88ad3695b3fffff,0.0,0.0,0.0,0.0
88ad3695b5fffff,0.0,0.0,0.0,0.0
88ad3695b7fffff,0.0,0.0,0.0,0.0
88ad3695b9fffff,0.0,0.0,0.0,0.0
88ad3695bbfffff,0.0,0.0,0.0,0.0
88ad3695bdfffff,0.0,0.0,0.0,0.0
88ad3695c1fffff,0.0,0.0,0.0,0.0
88ad3695c3fffff,0.0,0.0,0.0,0.0
88ad3695c5fffff,0.0,0.0,0.0,0.0
88ad3695c7fffff,0.0,0.0,0.0,0.0
88ad3695c9fffff,0.0,0.0,0.0,0.0
88ad3695cbfffff,0.0,0.0,0.0,0.0
88ad3695cdfffff,0.0,0.0,0.0,0.0
88ad3695d1fffff,0.0,0.0,0.0,0.0
88ad3695d5fffff,0.0,0.0,0.0,0.0
88ad3695d7fffff,0.0,0.0,0.0,0.0
88ad3695ddfffff,0.0,0.0,0.0,0.0
88ad3695e1fffff,0.0,0.0,0.0,0.0
88ad3695e3fffff,0.0,0.0,0.0,0.0
88ad3695e7fffff,0.0,0.0,0.0,0.0
88ad3695e9fffff,0.0,0.0,0.0,0.0
88ad3695ebfffff,0.0,0.0,0.0,0.0
88ad36973bfffff,0.0,0.0,0.0,0.0
88ad36b901fffff,4.0,5.0,5.0,5.0
88ad36b903fffff,0.0,0.0,0.0,0.0
88ad36b905fffff,9.0,9.0,9.0,9.0
88ad36b907fffff,1.0,1.0,1.0,1.0
88ad36b909fffff,5.0,5.0,6.0,6.0
88ad36b90bfffff,5.0,5.0,5.0,5.0
88ad36b90dfffff,9.0,9.0,9.0,9.0
88ad36b915fffff,0.0,0.0,0.0,0.0
88ad36b91dfffff,0.0,0.0,0.0,0.0
88ad36b921fffff,5.0,5.0,5.0,5.0
88ad36b923fffff,3.0,3.0,4.0,4.0
88ad36b925fffff,4.0,5.0,5.0,5.0
88ad36b927fffff,2.0,2.0,2.0,2.0
88ad36b929fffff,7.0,8.0,8.0,8.0
88ad36b92bfffff,0.0,0.0,1.0,1.0
88ad36b92dfffff,5.0,5.0,5.0,6.0
88ad36b935fffff,2.0,2.0,2.0,3.0
88ad36b939fffff,0.0,0.0,0.0,0.0
88ad36b93dfffff,0.0,0.0,0.0,0.0
88ad36b941fffff,5.0,5.0,5.0,5.0
88ad36b943fffff,3.0,3.0,3.0,3.0
88ad36b945fffff,0.0,0.0,0.0,0.0
88ad36b947fffff,10.0,11.0,11.0,11.0
88ad36b949fffff,1.0,1.0,1.0,1.0
88ad36b94bfffff,9.0,9.0,9.0,9.0
88ad36b955fffff,1.0,1.0,1.0,1.0
88ad36b957fffff,0.0,0.0,0.0,0.0
88ad36b95dfffff,0.0,0.0,0.0,0.0
88ad36b961fffff,11.0,11.0,11.0,11.0
88ad36b963fffff,9.0,9.0,9.0,9.0
88ad36b965fffff,0.0,0.0,0.0,0.0
88ad36b967fffff,28.0,26.0,26.0,25.0
88ad36b969fffff,7.0,8.0,8.0,8.0
88ad36b96bfffff,13.0,13.0,14.0,14.0
88ad36b96dfffff,2.0,2.0,2.0,2.0
88ad36bb25fffff,0.0,0.0,0.0,0.0
88ad36bb45fffff,4.0,4.0,4.0,4.0
88ad36bb47fffff,0.0,0.0,0.0,0.0
88ad36bb61fffff,0.0,0.0,0.0,0.0
88ad36bb65fffff,1.0,1.0,1.0,1.0
88ad36bb69fffff,9.0,9.0,9.0,9.0
88ad36bb6bfffff,2.0,2.0,2.0,2.0
88ad36bb6dfffff,1.0,1.0,1.0,1.0
88ad36c241fffff,0.0,0.0,0.0,0.0
88ad36c257fffff,0.0,0.0,0.0,0.0
88ad36c259fffff,0.0,0.0,0.0,0.0
88ad36c25bfffff,0.0,0.0,0.0,0.0
88ad36c289fffff,2.0,2.0,2.0,2.0
88ad36c291fffff,0.0,0.0,0.0,0.0
88ad36c299fffff,2.0,2.0,2.0,2.0
88ad36c29bfffff,1.0,1.0,1.0,1.0
88ad36c2c3fffff,1.0,1.0,1.0,2.0
88ad36c2c9fffff,0.0,0.0,0.0,0.0
88ad36c2cbfffff,2.0,2.0,2.0,2.0
88ad36c2d1fffff,5.0,5.0,5.0,5.0
88ad36c2d3fffff,12.0,12.0,12.0,12.0
88ad36c2d5fffff,0.0,0.0,0.0,0.0
88ad36c2d7fffff,1.0,1.0,1.0,1.0
88ad36c2d9fffff,6.0,6.0,6.0,6.0
88ad36c2dbfffff,5.0,5.0,5.0,6.0
88ad36c2ddfffff,1.0,2.0,2.0,2.0
88ad36c2e1fffff,0.0,0.0,0.0,0.0
88ad36c2ebfffff,0.0,0.0,0.0,0.0
88ad36c403fffff,0.0,0.0,0.0,0.0
88ad36c40bfffff,0.0,0.0,0.0,0.0
88ad36c411fffff,7.0,7.0,7.0,8.0
88ad36c413fffff,13.0,13.0,13.0,13.0
88ad36c415fffff,2.0,2.0,2.0,2.0
88ad36c417fffff,0.0,0.0,0.0,0.0
88ad36c419fffff,4.0,4.0,5.0,5.0
88ad36c41bfffff,17.0,17.0,17.0,17.0
88ad36c41dfffff,4.0,4.0,5.0,5.0
88ad36c451fffff,4.0,4.0,4.0,4.0
88ad36c453fffff,14.0,15.0,15.0,15.0
88ad36c455fffff,1.0,1.0,1.0,1.0
88ad36c457fffff,0.0,0.0,0.0,0.0
88ad36c459fffff,9.0,9.0,9.0,9.0
88ad36c45bfffff,25.0,25.0,26.0,25.0
88ad36c481fffff,3.0,3.0,3.0,3.0
88ad36c483fffff,12.0,12.0,12.0,12.0
88ad36c485fffff,4.0,4.0,4.0,4.0
88ad36c487fffff,4.0,4.0,4.0,4.0
88ad36c489fffff,10.0,10.0,10.0,10.0
88ad36c48bfffff,12.0,12.0,13.0,13.0
88ad36c48dfffff,7.0,8.0,8.0,8.0
88ad36c491fffff,1.0,1.0,1.0,1.0
88ad36c493fffff,44.0,43.0,43.0,42.0
88ad36c495fffff,14.0,14.0,15.0,15.0
88ad36c497fffff,10.0,10.0,10.0,10.0
88ad36c499fffff,1.0,1.0,1.0,1.0
88ad36c49bfffff,28.0,28.0,29.0,29.0
88ad36c49dfffff,10.0,10.0,10.0,10.0
88ad36c4a1fffff,2.0,2.0,2.0,2.0
88ad36c4a3fffff,5.0,5.0,5.0,5.0
88ad36c4a5fffff,0.0,0.0,0.0,0.0
88ad36c4a7fffff,4.0,4.0,4.0,4.0
88ad36c4a9fffff,2.0,2.0,2.0,2.0
88ad36c4abfffff,4.0,4.0,5.0,5.0
88ad36c4adfffff,0.0,0.0,0.0,0.0
88ad36c4b1fffff,14.0,14.0,15.0,15.0
88ad36c4b3fffff,14.0,14.0,14.0,14.0
88ad36c4b5fffff,6.0,6.0,7.0,7.0
88ad36c4b7fffff,9.0,10.0,10.0,10.0
88ad36c4b9fffff,12.0,12.0,13.0,13.0
88ad36c4bbfffff,14.0,15.0,15.0,15.0
88ad36c4bdfffff,8.0,8.0,8.0,8.0
88ad36c4c1fffff,5.0,5.0,5.0,5.0
88ad36c4c3fffff,13.0,12.0,12.0,12.0
88ad36c4c5fffff,19.0,18.0,18.0,18.0
88ad36c4c7fffff,12.0,12.0,12.0,12.0
88ad36c4c9fffff,18.0,17.0,17.0,17.0
88ad36c4cbfffff,14.0,14.0,14.0,14.0
88ad36c4cdfffff,20.0,19.0,20.0,20.0
88ad36c4d1fffff,9.0,9.0,9.0,9.0
88ad36c4d3fffff,0.0,0.0,0.0,0.0
88ad36c4d5fffff,5.0,5.0,5.0,5.0
88ad36c4d7fffff,25.0,24.0,25.0,24.0
88ad36c4d9fffff,22.0,22.0,23.0,23.0
88ad36c4dbfffff,18.0,19.0,19.0,19.0
88ad36c4ddfffff,14.0,13.0,14.0,14.0
88ad36c4e3fffff,1.0,1.0,1.0,1.0
88ad36c4e9fffff,0.0,0.0,0.0,0.0
88ad36c4ebfffff,9.0,9.0,9.0,9.0
88ad36c591fffff,1.0,1.0,1.0,1.0
88ad36c593fffff,3.0,3.0,3.0,3.0
88ad36c595fffff,0.0,0.0,0.0,0.0
88ad36c599fffff,0.0,0.0,0.0,0.0
88ad36c59bfffff,2.0,3.0,3.0,3.0
88ad36c59dfffff,0.0,0.0,0.0,0.0
88ad36c5b9fffff,0.0,0.0,0.0,0.0
88ad36c5d3fffff,0.0,0.0,0.0,0.0
88ad36c601fffff,1.0,1.0,1.0,1.0
88ad36c603fffff,6.0,6.0,6.0,6.0
88ad36c605fffff,0.0,1.0,1.0,1.0
88ad36c607fffff,4.0,4.0,4.0,4.0
88ad36c609fffff,13.0,13.0,13.0,14.0
88ad36c60bfffff,31.0,31.0,32.0,32.0
88ad36c60dfffff,5.0,5.0,5.0,5.0
88ad36c611fffff,0.0,0.0,0.0,0.0
88ad36c613fffff,0.0,0.0,0.0,0.0
88ad36c615fffff,0.0,0.0,0.0,0.0
88ad36c619fffff,1.0,1.0,1.0,1.0
88ad36c61bfffff,1.0,1.0,1.0,1.0
88ad36c61dfffff,2.0,2.0,2.0,2.0
88ad36c629fffff,0.0,0.0,0.0,0.0
88ad36c62bfffff,1.0,1.0,1.0,1.0
88ad36c631fffff,2.0,2.0,2.0,2.0
88ad36c633fffff,0.0,0.0,0.0,0.0
88ad36c637fffff,0.0,0.0,0.0,0.0
88ad36c639fffff,1.0,1.0,1.0,1.0
88ad36c63bfffff,0.0,0.0,0.0,0.0
88ad36c63dfffff,3.0,3.0,3.0,3.0
88ad36c641fffff,1.0,1.0,1.0,1.0
88ad36c643fffff,18.0,18.0,19.0,19.0
88ad36c645fffff,0.0,0.0,0.0,0.0
88ad36c647fffff,15.0,14.0,14.0,14.0
88ad36c64bfffff,0.0,0.0,0.0,0.0
88ad36c64dfffff,0.0,0.0,0.0,0.0
88ad36c651fffff,0.0,0.0,0.0,0.0
88ad36c653fffff,0.0,0.0,1.0,1.0
88ad36c655fffff,9.0,9.0,10.0,10.0
88ad36c657fffff,4.0,3.0,3.0,3.0
88ad36c659fffff,0.0,0.0,0.0,0.0
88ad36c65bfffff,0.0,0.0,0.0,0.0
88ad36c65dfffff,0.0,0.0,0.0,0.0
88ad36c661fffff,9.0,9.0,9.0,9.0
88ad36c663fffff,1.0,1.0,1.0,1.0
88ad36c66bfffff,3.0,3.0,3.0,3.0
88ad36c66dfffff,0.0,0.0,0.0,0.0
88ad36c681fffff,0.0,0.0,0.0,0.0
88ad36c683fffff,0.0,0.0,0.0,0.0
88ad36c685fffff,1.0,2.0,2.0,2.0
88ad36c687fffff,0.0,0.0,0.0,0.0
88ad36c689fffff,0.0,0.0,0.0,0.0
88ad36c68bfffff,0.0,0.0,0.0,0.0
88ad36c68dfffff,0.0,0.0,0.0,0.0
88ad36c691fffff,10.0,10.0,10.0,10.0
88ad36c693fffff,14.0,14.0,14.0,14.0
88ad36c695fffff,0.0,0.0,0.0,0.0
88ad36c699fffff,17.0,17.0,17.0,17.0
88ad36c69bfffff,17.0,17.0,18.0,18.0
88ad36c69dfffff,4.0,4.0,4.0,4.0
88ad36c6a1fffff,23.0,24.0,24.0,24.0
88ad36c6a3fffff,21.0,21.0,21.0,21.0
88ad36c6a5fffff,27.0,26.0,26.0,26.0
88ad36c6a7fffff,12.0,13.0,13.0,13.0
88ad36c6a9fffff,25.0,24.0,25.0,24.0
88ad36c6abfffff,12.0,13.0,13.0,13.0
88ad36c6adfffff,24.0,24.0,24.0,24.0
88ad36c6b1fffff,6.0,6.0,7.0,7.0
88ad36c6b3fffff,33.0,32.0,32.0,31.0
88ad36c6b5fffff,18.0,18.0,19.0,19.0
88ad36c6b7fffff,21.0,22.0,22.0,22.0
88ad36c6b9fffff,3.0,3.0,3.0,3.0
88ad36c6bbfffff,8.0,8.0,8.0,8.0
88ad36c6bdfffff,1.0,1.0,1.0,1.0
88ad36c6c1fffff,16.0,15.0,16.0,16.0
88ad36c6c3fffff,13.0,14.0,14.0,14.0
88ad36c6c5fffff,0.0,0.0,0.0,0.0
88ad36c6c7fffff,8.0,8.0,8.0,8.0
88ad36c6c9fffff,14.0,14.0,14.0,14.0
88ad36c6cbfffff,15.0,15.0,15.0,15.0
88ad36c6cdfffff,1.0,1.0,1.0,1.0
88ad36c6d1fffff,15.0,13.0,13.0,12.0
88ad36c6d3fffff,12.0,12.0,12.0,12.0
88ad36c6d5fffff,0.0,0.0,0.0,0.0
88ad36c6d7fffff,1.0,1.0,1.0,1.0
88ad36c6d9fffff,11.0,11.0,11.0,11.0
88ad36c6dbfffff,7.0,7.0,7.0,7.0
88ad36c6ddfffff,14.0,14.0,14.0,14.0
88ad36c6e3fffff,2.0,2.0,2.0,2.0
88ad36c6e5fffff,12.0,12.0,12.0,12.0
88ad36c6e7fffff,12.0,12.0,13.0,13.0
88ad36c6e9fffff,0.0,0.0,0.0,0.0
88ad36c6ebfffff,0.0,0.0,0.0,0.0
88ad36c741fffff,0.0,1.0,1.0,1.0
88ad36c743fffff,0.0,0.0,0.0,0.0
88ad36c749fffff,6.0,6.0,7.0,7.0
88ad36c74bfffff,6.0,6.0,6.0,6.0
88ad36c74dfffff,1.0,1.0,1.0,1.0
88ad36d091fffff,0.0,0.0,0.0,0.0
88ad36d093fffff,1.0,1.0,1.0,1.0
88ad36d097fffff,0.0,0.0,0.0,0.0
88ad36d09bfffff,0.0,0.0,0.0,0.0
88ad36d09dfffff,0.0,0.0,0.0,0.0
88ad36d0b7fffff,0.0,0.0,0.0,0.0
88ad36d0bdfffff,0.0,0.0,0.0,0.0
88ad36d405fffff,16.0,17.0,17.0,17.0
88ad36d407fffff,6.0,6.0,7.0,7.0
88ad36d40dfffff,2.0,2.0,2.0,2.0
88ad36d421fffff,12.0,12.0,12.0,12.0
88ad36d423fffff,25.0,25.0,26.0,26.0
88ad36d425fffff,49.0,49.0,49.0,48.0
88ad36d427fffff,22.0,21.0,21.0,21.0
88ad36d429fffff,18.0,19.0,19.0,19.0
88ad36d42bfffff,14.0,14.0,15.0,15.0
88ad36d42dfffff,17.0,17.0,17.0,17.0
88ad36d431fffff,9.0,9.0,9.0,9.0
88ad36d435fffff,11.0,11.0,12.0,12.0
88ad36d437fffff,12.0,12.0,13.0,13.0
88ad36d43dfffff,14.0,14.0,14.0,15.0
88ad36d445fffff,2.0,2.0,2.0,2.0
88ad36d461fffff,16.0,16.0,16.0,17.0
88ad36d463fffff,27.0,27.0,28.0,28.0
88ad36d465fffff,8.0,8.0,8.0,9.0
88ad36d467fffff,29.0,30.0,30.0,30.0
88ad36d469fffff,11.0,11.0,12.0,12.0
88ad36d46bfffff,10.0,10.0,10.0,11.0
88ad36d46dfffff,4.0,5.0,5.0,5.0
88ad36d503fffff,1.0,1.0,1.0,1.0
88ad36d509fffff,0.0,0.0,0.0,0.0
88ad36d50bfffff,0.0,0.0,0.0,0.0
88ad36d50dfffff,0.0,0.0,0.0,0.0
88ad36d511fffff,3.0,3.0,3.0,3.0
88ad36d513fffff,14.0,14.0,14.0,14.0
88ad36d515fffff,5.0,5.0,5.0,5.0
88ad36d517fffff,10.0,10.0,10.0,10.0
88ad36d519fffff,3.0,3.0,3.0,3.0
88ad36d51bfffff,11.0,11.0,12.0,12.0
88ad36d51dfffff,2.0,2.0,2.0,2.0
88ad36d531fffff,0.0,0.0,0.0,0.0
88ad36d533fffff,6.0,6.0,6.0,6.0
88ad36d535fffff,0.0,0.0,0.0,0.0
88ad36d537fffff,10.0,10.0,10.0,10.0
88ad36d539fffff,0.0,0.0,0.0,0.0
88ad36d53bfffff,5.0,5.0,5.0,5.0
88ad36d53dfffff,0.0,0.0,0.0,0.0
88ad36d541fffff,5.0,5.0,5.0,5.0
88ad36d543fffff,1.0,1.0,1.0,1.0
88ad36d545fffff,12.0,13.0,13.0,13.0
88ad36d547fffff,2.0,2.0,2.0,2.0
88ad36d549fffff,0.0,0.0,0.0,0.0
88ad36d54bfffff,1.0,1.0,1.0,1.0
88ad36d54dfffff,3.0,3.0,3.0,3.0
88ad36d551fffff,6.0,6.0,6.0,6.0
88ad36d553fffff,37.0,36.0,36.0,36.0
88ad36d555fffff,0.0,0.0,0.0,0.0
88ad36d557fffff,3.0,3.0,3.0,3.0
88ad36d559fffff,0.0,1.0,1.0,1.0
88ad36d55bfffff,27.0,27.0,27.0,27.0
88ad36d55dfffff,2.0,2.0,2.0,2.0
88ad36d561fffff,0.0,0.0,0.0,0.0
88ad36d565fffff,0.0,0.0,0.0,0.0
88ad36d567fffff,0.0,0.0,0.0,0.0
88ad36d569fffff,0.0,0.0,0.0,0.0
88ad36d56bfffff,0.0,0.0,0.0,0.0
88ad36d56dfffff,0.0,0.0,0.0,0.0
88ad36d581fffff,4.0,4.0,4.0,4.0
88ad36d583fffff,1.0,1.0,1.0,1.0
88ad36d585fffff,7.0,7.0,7.0,7.0
88ad36d587fffff,5.0,5.0,5.0,5.0
88ad36d589fffff,2.0,2.0,2.0,2.0
88ad36d58bfffff,1.0,2.0,2.0,2.0
88ad36d58dfffff,3.0,3.0,3.0,3.0
88ad36d591fffff,0.0,0.0,0.0,0.0
88ad36d595fffff,0.0,0.0,0.0,0.0
88ad36d59dfffff,0.0,0.0,0.0,0.0
88ad36d5a1fffff,9.0,9.0,9.0,9.0
88ad36d5a3fffff,8.0,8.0,9.0,9.0
88ad36d5a5fffff,6.0,6.0,6.0,6.0
88ad36d5a7fffff,5.0,5.0,5.0,6.0
88ad36d5a9fffff,10.0,10.0,10.0,11.0
88ad36d5abfffff,8.0,8.0,8.0,8.0
88ad36d5adfffff,7.0,7.0,8.0,8.0
88ad36d5b1fffff,8.0,7.0,7.0,7.0
88ad36d5b3fffff,0.0,0.0,0.0,0.0
88ad36d5b5fffff,8.0,8.0,8.0,8.0
88ad36d5b7fffff,6.0,6.0,6.0,6.0
88ad36d5b9fffff,4.0,4.0,4.0,4.0
88ad36d5bbfffff,0.0,0.0,0.0,0.0
88ad36d5bdfffff,11.0,9.0,9.0,9.0
88ad36d5c1fffff,7.0,7.0,8.0,8.0
88ad36d5c3fffff,8.0,8.0,9.0,9.0
88ad36d5c5fffff,8.0,7.0,8.0,8.0
88ad36d5c7fffff,11.0,11.0,11.0,11.0
88ad36d5c9fffff,9.0,9.0,9.0,9.0
88ad36d5cbfffff,10.0,11.0,11.0,11.0
88ad36d5cdfffff,13.0,13.0,13.0,13.0
88ad36d5d1fffff,2.0,2.0,2.0,2.0
88ad36d5d5fffff,1.0,2.0,2.0,2.0
88ad36d5d7fffff,0.0,0.0,0.0,0.0
88ad36d5d9fffff,0.0,0.0,0.0,0.0
88ad36d5ddfffff,0.0,0.0,0.0,0.0
88ad36d5e1fffff,12.0,11.0,12.0,12.0
88ad36d5e3fffff,6.0,6.0,7.0,7.0
88ad36d5e5fffff,8.0,8.0,8.0,8.0
88ad36d5e7fffff,10.0,10.0,10.0,10.0
88ad36d5e9fffff,10.0,10.0,10.0,10.0
88ad36d5ebfffff,12.0,12.0,13.0,13.0
88ad36d5edfffff,9.0,9.0,9.0,9.0
88ad36d607fffff,0.0,0.0,0.0,0.0
88ad36d61dfffff,0.0,0.0,0.0,0.0
88ad36d621fffff,2.0,2.0,3.0,3.0
88ad36d623fffff,2.0,2.0,2.0,3.0
88ad36d625fffff,4.0,4.0,5.0,5.0
88ad36d627fffff,0.0,0.0,0.0,0.0
88ad36d62bfffff,1.0,1.0,1.0,1.0
88ad36d639fffff,0.0,0.0,0.0,0.0
88ad36d657fffff,0.0,0.0,0.0,0.0
88ad36d703fffff,10.0,10.0,10.0,11.0
88ad36d707fffff,0.0,0.0,0.0,0.0
88ad36d711fffff,13.0,13.0,13.0,14.0
88ad36d713fffff,9.0,9.0,9.0,9.0
88ad36d715fffff,13.0,13.0,13.0,14.0
88ad36d717fffff,14.0,14.0,14.0,14.0
88ad36d719fffff,7.0,8.0,8.0,8.0
88ad36d71bfffff,0.0,0.0,0.0,0.0
88ad36d71dfffff,7.0,7.0,7.0,7.0
88ad36d721fffff,0.0,0.0,0.0,0.0
88ad36d723fffff,1.0,1.0,1.0,1.0
88ad36d725fffff,0.0,0.0,0.0,0.0
88ad36d72bfffff,0.0,0.0,0.0,0.0
88ad36d731fffff,1.0,1.0,1.0,1.0
88ad36d735fffff,1.0,1.0,1.0,1.0
88ad36d737fffff,1.0,1.0,1.0,1.0
88ad36d739fffff,2.0,2.0,2.0,2.0
88ad36d73bfffff,3.0,3.0,3.0,3.0
88ad36d73dfffff,2.0,3.0,3.0,3.0
88bc696c87fffff,0.0,0.0,0.0,0.0
88bc696cabfffff,0.0,0.0,0.0,0.0
88bc696cebfffff,0.0,0.0,0.0,0.0
